{
"type": "FeatureCollection",
"name": "nc_counties",
"crs": { "type": "name", "properties": { "name": "urn:ogc:def:crs:OGC:1.3:CRS84" } },
"features": [
{ "type": "Feature", "properties": { "NAME": "Ashe", "AREA": 0.114 }, "geometry": { "type": "MultiPolygon", "coordinates": [ [ [ [ -81.472579525884711, 36.234442085900973 ], [ -81.540666265585145, 36.272592253012746 ], [ -81.56180797017376, 36.273679451942655 ], [ -81.632893094113186, 36.340771190843661 ], [ -81.740905671482949, 36.391868260866325 ], [ -81.698110896078802, 36.471860919670242 ], [ -81.702627534361142, 36.519421695779478 ], [ -81.669827593586191, 36.589729047257968 ], [ -81.345118134589598, 36.572944207484319 ], [ -81.34736132758556, 36.537994594680256 ], [ -81.324594563601778, 36.513760233656036 ], [ -81.313142563738708, 36.480778951368656 ], [ -81.266052581207717, 36.437288320419647 ], [ -81.26265747072982, 36.405123385084678 ], [ -81.240508711876601, 36.379500506712162 ], [ -81.239707633613705, 36.365447422953729 ], [ -81.264061445935823, 36.352496804987119 ], [ -81.328814098198578, 36.363586021203886 ], [ -81.361194275950751, 36.353244618909457 ], [ -81.365512679467685, 36.339134324098545 ], [ -81.353953878920152, 36.299801700753981 ], [ -81.367275262415419, 36.278783134104216 ], [ -81.406209253783643, 36.285138358320211 ], [ -81.412152776464168, 36.267377471112574 ], [ -81.430860645908453, 36.260804899393257 ], [ -81.452711955876055, 36.239671907750854 ], [ -81.472579525884711, 36.234442085900973 ] ] ] ] } },
{ "type": "Feature", "properties": { "NAME": "Alleghany", "AREA": 0.061 }, "geometry": { "type": "MultiPolygon", "coordinates": [ [ [ [ -81.239707633613705, 36.365447422953729 ], [ -81.240508711876601, 36.379500506712162 ], [ -81.26265747072982, 36.405123385084678 ], [ -81.266052581207717, 36.437288320419647 ], [ -81.313142563738708, 36.480778951368656 ], [ -81.324594563601778, 36.513760233656036 ], [ -81.34736132758556, 36.537994594680256 ], [ -81.345118134589598, 36.572944207484319 ], [ -80.903248042698195, 36.565291369911598 ], [ -80.933354734825926, 36.498394302158168 ], [ -80.965582373994593, 36.467301330918581 ], [ -80.949476352334457, 36.414815858460024 ], [ -80.956198084192451, 36.403879335652903 ], [ -80.977759451785431, 36.391458947292108 ], [ -80.98265009310758, 36.371916625510636 ], [ -81.002586331175891, 36.366763097620584 ], [ -81.024452826117809, 36.377917099078907 ], [ -81.042611268767388, 36.410417743314724 ], [ -81.084063006835692, 36.430002100890327 ], [ -81.098376191805698, 36.431234247802529 ], [ -81.113124288696497, 36.422933643814709 ], [ -81.129192283430115, 36.426412608327567 ], [ -81.138210528235831, 36.417707644931369 ], [ -81.153179847436334, 36.424821946586995 ], [ -81.176488392601712, 36.415525738286668 ], [ -81.239707633613705, 36.365447422953729 ] ] ] ] } },
{ "type": "Feature", "properties": { "NAME": "Surry", "AREA": 0.143 }, "geometry": { "type": "MultiPolygon", "coordinates": [ [ [ [ -80.45613724695373, 36.242641901823681 ], [ -80.476180253554148, 36.25481059061871 ], [ -80.536675586965288, 36.25682100217945 ], [ -80.544808720908847, 36.276740989156423 ], [ -80.553949013488705, 36.278514805568093 ], [ -80.590395784253815, 36.268360335140883 ], [ -80.624111108513659, 36.273182078661812 ], [ -80.667241478413288, 36.246186048685352 ], [ -80.696455299960405, 36.259174896336752 ], [ -80.723838045072483, 36.258556972732237 ], [ -80.734168548726117, 36.26484349231557 ], [ -80.752365233662516, 36.258381547355725 ], [ -80.766098559512173, 36.26192154231132 ], [ -80.782502298316572, 36.248661932194118 ], [ -80.874187603624023, 36.233968146345823 ], [ -80.8706701187362, 36.324706634704725 ], [ -80.888729380570027, 36.354510335560676 ], [ -80.924374970314915, 36.372835856588033 ], [ -80.956198084192451, 36.403879335652903 ], [ -80.949476352334457, 36.414815858460024 ], [ -80.965582373994593, 36.467301330918581 ], [ -80.933354734825926, 36.498394302158168 ], [ -80.903248042698195, 36.565291369911598 ], [ -80.837961291197672, 36.563517461203162 ], [ -80.610850071228612, 36.557375530454777 ], [ -80.435101532777267, 36.551123052569686 ], [ -80.452803060127934, 36.257171803113714 ], [ -80.45613724695373, 36.242641901823681 ] ] ] ] } },
{ "type": "Feature", "properties": { "NAME": "Currituck", "AREA": 0.07 }, "geometry": { "type": "MultiPolygon", "coordinates": [ [ [ [ -76.00862783334945, 36.319667988459294 ], [ -76.017005084735644, 36.337802738640804 ], [ -76.032531384784363, 36.33604805590695 ], [ -76.043609526851483, 36.353664025396249 ], [ -76.094743312600542, 36.348987441853112 ], [ -76.160586813538728, 36.391970825050109 ], [ -76.157809538359814, 36.412760525051546 ], [ -76.167949251259159, 36.427156950298567 ], [ -76.329918071028189, 36.556126097725134 ], [ -76.127053873929853, 36.55723176323108 ], [ -76.045615221400581, 36.557021724507827 ], [ -76.032866301311088, 36.514442829893326 ], [ -76.090721819917349, 36.503636160954436 ], [ -75.975728363186491, 36.436284797044607 ], [ -75.969418754481026, 36.415189900186327 ], [ -76.001264804486951, 36.418985544557664 ], [ -75.950909497543876, 36.36554249997927 ], [ -75.92777620947254, 36.423314931347839 ], [ -75.924244013216125, 36.351020145478657 ], [ -75.799706664213033, 36.112891877841761 ], [ -75.798501360378424, 36.072895551798275 ], [ -75.854815490567063, 36.10574343453986 ], [ -75.913418041919812, 36.244874372517714 ], [ -75.957166260547652, 36.259526470668156 ], [ -75.941586407383426, 36.294411165442632 ], [ -76.00862783334945, 36.319667988459294 ] ] ], [ [ [ -76.026823447821201, 36.556785163373718 ], [ -75.998319156661637, 36.556720232188361 ], [ -75.911570346422806, 36.542598233226421 ], [ -75.924457095106177, 36.474045627155114 ], [ -75.976933658763727, 36.478085468343721 ], [ -75.975941629506138, 36.517994081967458 ], [ -76.026823447821201, 36.556785163373718 ] ] ], [ [ [ -75.90163650911866, 36.556266010145634 ], [ -75.877816811240109, 36.555941697185162 ], [ -75.772804080980933, 36.229329369283668 ], [ -75.78282179959136, 36.225266824134941 ], [ -75.90163650911866, 36.556266010145634 ] ] ] ] } },
{ "type": "Feature", "properties": { "NAME": "Northampton", "AREA": 0.153 }, "geometry": { "type": "MultiPolygon", "coordinates": [ [ [ [ -77.217359600375687, 36.241059497429717 ], [ -77.234305107771547, 36.214677598953905 ], [ -77.298310071105504, 36.211606989780954 ], [ -77.293206038171888, 36.162940002946492 ], [ -77.309174850209658, 36.162844677910954 ], [ -77.334688249353547, 36.182928737812965 ], [ -77.388728828440335, 36.203180713811882 ], [ -77.378321873266231, 36.240163470432229 ], [ -77.413166325935521, 36.255895069782738 ], [ -77.418552743959069, 36.28187267733157 ], [ -77.453816741865154, 36.319832098331865 ], [ -77.537780871746804, 36.302536798485995 ], [ -77.557137233146349, 36.304291574065523 ], [ -77.571656377710454, 36.314572024431492 ], [ -77.579781880225482, 36.328346655717191 ], [ -77.559387701357053, 36.376021791945384 ], [ -77.560120030025573, 36.406431988740337 ], [ -77.63567611737578, 36.44061122321321 ], [ -77.650698736060349, 36.47266174830424 ], [ -77.698582265636119, 36.479032291948712 ], [ -77.74911332110365, 36.473646163558286 ], [ -77.900919923658662, 36.509961774292897 ], [ -77.898569838560263, 36.553017459338058 ], [ -77.763639836128718, 36.553513033386857 ], [ -77.319747991970829, 36.553988751347461 ], [ -77.177043396831309, 36.55635726670814 ], [ -77.154108851387235, 36.526324652462925 ], [ -77.091820634718175, 36.507590860067161 ], [ -77.074997399170385, 36.483589188082298 ], [ -77.082962785577621, 36.470169354460751 ], [ -77.127016260422693, 36.470783624188051 ], [ -77.139010093809802, 36.45655128587984 ], [ -77.14165010221059, 36.417138579108752 ], [ -77.217359600375687, 36.241059497429717 ] ] ] ] } },
{ "type": "Feature", "properties": { "NAME": "Hertford", "AREA": 0.097 }, "geometry": { "type": "MultiPolygon", "coordinates": [ [ [ [ -76.744742314892704, 36.233993571802799 ], [ -76.980375761414734, 36.230313085331893 ], [ -76.994437144650121, 36.235657410905368 ], [ -77.129763867882346, 36.233540647000964 ], [ -77.217359600375687, 36.241059497429717 ], [ -77.14165010221059, 36.417138579108752 ], [ -77.139010093809802, 36.45655128587984 ], [ -77.127016260422693, 36.470783624188051 ], [ -77.082962785577621, 36.470169354460751 ], [ -77.074997399170385, 36.483589188082298 ], [ -77.091820634718175, 36.507590860067161 ], [ -77.154108851387235, 36.526324652462925 ], [ -77.177043396831309, 36.55635726670814 ], [ -76.923816014922465, 36.554216595620666 ], [ -76.90810681266035, 36.504355572323334 ], [ -76.945454030240356, 36.459034099371024 ], [ -76.953358486663021, 36.419304793021794 ], [ -76.943195892223784, 36.401803264081465 ], [ -76.923763265907866, 36.392518414244854 ], [ -76.741026352712595, 36.315241250114561 ], [ -76.707173894569848, 36.266207973488136 ], [ -76.744742314892704, 36.233993571802799 ] ] ] ] } },
{ "type": "Feature", "properties": { "NAME": "Camden", "AREA": 0.062 }, "geometry": { "type": "MultiPolygon", "coordinates": [ [ [ [ -76.00862783334945, 36.319667988459294 ], [ -75.956838475462561, 36.193846273409434 ], [ -75.980993980516004, 36.169802769801151 ], [ -76.182827511585984, 36.315312184949128 ], [ -76.193142726710391, 36.324925068516677 ], [ -76.215856115707069, 36.327919613269934 ], [ -76.23819552193649, 36.361301459041833 ], [ -76.260947061536342, 36.363830619648333 ], [ -76.273795279005725, 36.381480926296661 ], [ -76.303024339111346, 36.39191782315222 ], [ -76.321030184941065, 36.409716915519624 ], [ -76.40563497164041, 36.447230179720343 ], [ -76.498014271090284, 36.503972996470253 ], [ -76.563255008092369, 36.555321861132988 ], [ -76.4972281986459, 36.55588242883433 ], [ -76.329918071028189, 36.556126097725134 ], [ -76.167949251259159, 36.427156950298567 ], [ -76.157809538359814, 36.412760525051546 ], [ -76.160586813538728, 36.391970825050109 ], [ -76.094743312600542, 36.348987441853112 ], [ -76.043609526851483, 36.353664025396249 ], [ -76.032531384784363, 36.33604805590695 ], [ -76.017005084735644, 36.337802738640804 ], [ -76.00862783334945, 36.319667988459294 ] ] ] ] } },
{ "type": "Feature", "properties": { "NAME": "Gates", "AREA": 0.091 }, "geometry": { "type": "MultiPolygon", "coordinates": [ [ [ [ -76.562180134015946, 36.340642351497991 ], [ -76.603914306511982, 36.315057776493269 ], [ -76.647891481419663, 36.315389768572452 ], [ -76.688412522247873, 36.294592544303562 ], [ -76.776320835645521, 36.358403826831726 ], [ -76.923763265907866, 36.392518414244854 ], [ -76.943195892223784, 36.401803264081465 ], [ -76.953358486663021, 36.419304793021794 ], [ -76.945454030240356, 36.459034099371024 ], [ -76.90810681266035, 36.504355572323334 ], [ -76.923816014922465, 36.554216595620666 ], [ -76.921313496555484, 36.554228032840584 ], [ -76.563255008092369, 36.555321861132988 ], [ -76.498014271090284, 36.503972996470253 ], [ -76.502134489303771, 36.452357304478994 ], [ -76.4600192731166, 36.373970449385872 ], [ -76.562180134015946, 36.340642351497991 ] ] ] ] } },
{ "type": "Feature", "properties": { "NAME": "Warren", "AREA": 0.118 }, "geometry": { "type": "MultiPolygon", "coordinates": [ [ [ [ -78.308487989976186, 36.260120010086361 ], [ -78.282653954443902, 36.29196062500192 ], [ -78.320976691537155, 36.545606633990481 ], [ -78.051383694688028, 36.552548625383849 ], [ -77.898569838560263, 36.553017459338058 ], [ -77.900919923658662, 36.509961774292897 ], [ -77.916636994691871, 36.500711342954723 ], [ -77.929852054357383, 36.353062464845145 ], [ -77.951802758364849, 36.281309418623039 ], [ -78.006003949572118, 36.196025985390222 ], [ -78.058068480997647, 36.211402858755093 ], [ -78.109347208404756, 36.213588758667782 ], [ -78.13444097573668, 36.236663480914771 ], [ -78.308487989976186, 36.260120010086361 ] ] ] ] } },
{ "type": "Feature", "properties": { "NAME": "Stokes", "AREA": 0.124 }, "geometry": { "type": "MultiPolygon", "coordinates": [ [ [ [ -80.025452233896587, 36.250316156961823 ], [ -80.452803060127934, 36.257171803113714 ], [ -80.435101532777267, 36.551123052569686 ], [ -80.047874878297662, 36.547212362090796 ], [ -80.023833917186565, 36.545102828692904 ], [ -80.025452233896587, 36.250316156961823 ] ] ] ] } },
{ "type": "Feature", "properties": { "NAME": "Caswell", "AREA": 0.114 }, "geometry": { "type": "MultiPolygon", "coordinates": [ [ [ [ -79.530274005163321, 36.246218304679331 ], [ -79.51006220039497, 36.547733932507512 ], [ -79.216817341848014, 36.549858084597204 ], [ -79.14407645664636, 36.546134857563686 ], [ -79.159023894271456, 36.23375136080508 ], [ -79.258254850014183, 36.235769501196323 ], [ -79.530274005163321, 36.246218304679331 ] ] ] ] } },
{ "type": "Feature", "properties": { "NAME": "Rockingham", "AREA": 0.153 }, "geometry": { "type": "MultiPolygon", "coordinates": [ [ [ [ -79.530274005163321, 36.246218304679331 ], [ -79.530342701819052, 36.236239246071541 ], [ -80.025452233896587, 36.250316156961823 ], [ -80.023833917186565, 36.545102828692904 ], [ -79.717214303665756, 36.547967031733705 ], [ -79.51006220039497, 36.547733932507512 ], [ -79.530274005163321, 36.246218304679331 ] ] ] ] } },
{ "type": "Feature", "properties": { "NAME": "Granville", "AREA": 0.143 }, "geometry": { "type": "MultiPolygon", "coordinates": [ [ [ [ -78.74886320754446, 36.063675475450829 ], [ -78.788155800424832, 36.062267964207244 ], [ -78.803796478278556, 36.081024501994285 ], [ -78.810098441928119, 36.114658053254146 ], [ -78.806542651307311, 36.231656387185147 ], [ -78.796439987356308, 36.543608833591271 ], [ -78.737127233386445, 36.546149245558986 ], [ -78.45853893459288, 36.541555814185919 ], [ -78.46348299606683, 36.523932249789233 ], [ -78.502233954068501, 36.504466297552923 ], [ -78.516821954292553, 36.461559412491766 ], [ -78.514450117419955, 36.175306113635592 ], [ -78.492255532334852, 36.173669590281911 ], [ -78.54558699446666, 36.068172471352867 ], [ -78.547761619792496, 36.014210814780803 ], [ -78.695310833151879, 36.066730872626493 ], [ -78.74886320754446, 36.063675475450829 ] ] ] ] } },
{ "type": "Feature", "properties": { "NAME": "Person", "AREA": 0.109 }, "geometry": { "type": "MultiPolygon", "coordinates": [ [ [ [ -78.806542651307311, 36.231656387185147 ], [ -78.950826564795847, 36.233918768318496 ], [ -79.159023894271456, 36.23375136080508 ], [ -79.14407645664636, 36.546134857563686 ], [ -78.796439987356308, 36.543608833591271 ], [ -78.806542651307311, 36.231656387185147 ] ] ] ] } },
{ "type": "Feature", "properties": { "NAME": "Vance", "AREA": 0.072 }, "geometry": { "type": "MultiPolygon", "coordinates": [ [ [ [ -78.492255532334852, 36.173669590281911 ], [ -78.514450117419955, 36.175306113635592 ], [ -78.516821954292553, 36.461559412491766 ], [ -78.502233954068501, 36.504466297552923 ], [ -78.46348299606683, 36.523932249789233 ], [ -78.45853893459288, 36.541555814185919 ], [ -78.320976691537155, 36.545606633990481 ], [ -78.282653954443902, 36.29196062500192 ], [ -78.308487989976186, 36.260120010086361 ], [ -78.345774108361496, 36.225262054822508 ], [ -78.380580477453961, 36.22483108130767 ], [ -78.41668409695599, 36.162256065071588 ], [ -78.492255532334852, 36.173669590281911 ] ] ] ] } },
{ "type": "Feature", "properties": { "NAME": "Halifax", "AREA": 0.19 }, "geometry": { "type": "MultiPolygon", "coordinates": [ [ [ [ -77.331903876593046, 36.068062783635675 ], [ -77.405011249310945, 35.994799318323444 ], [ -77.425443387224348, 35.996145931253686 ], [ -77.437917760622938, 36.014116650519931 ], [ -77.463675337458241, 36.026464649174351 ], [ -77.52483440059811, 36.035467311345691 ], [ -77.535561581738193, 36.055654323480397 ], [ -77.536393110616615, 36.082444424925413 ], [ -77.547585751970942, 36.088574552434736 ], [ -77.60596000334499, 36.0974742129116 ], [ -77.64206329473113, 36.126782054759943 ], [ -77.685330842850462, 36.146683052928196 ], [ -77.700216256777153, 36.144249359206867 ], [ -77.719893105465303, 36.134194058702846 ], [ -77.746879055538543, 36.146503915351211 ], [ -77.80107994366476, 36.144337340049582 ], [ -77.811013750753645, 36.135899416027364 ], [ -77.88655467046641, 36.144520647149534 ], [ -77.917553806314402, 36.156861029566819 ], [ -77.922116248294216, 36.177810955808617 ], [ -77.938947173462665, 36.187629838499632 ], [ -77.955579777627293, 36.183830512313953 ], [ -77.973112645170048, 36.189121437676071 ], [ -77.984831796556534, 36.177525007881741 ], [ -78.006003949572118, 36.196025985390222 ], [ -77.951802758364849, 36.281309418623039 ], [ -77.929852054357383, 36.353062464845145 ], [ -77.916636994691871, 36.500711342954723 ], [ -77.900919923658662, 36.509961774292897 ], [ -77.74911332110365, 36.473646163558286 ], [ -77.698582265636119, 36.479032291948712 ], [ -77.650698736060349, 36.47266174830424 ], [ -77.63567611737578, 36.44061122321321 ], [ -77.560120030025573, 36.406431988740337 ], [ -77.559387701357053, 36.376021791945384 ], [ -77.579781880225482, 36.328346655717191 ], [ -77.571656377710454, 36.314572024431492 ], [ -77.557137233146349, 36.304291574065523 ], [ -77.537780871746804, 36.302536798485995 ], [ -77.453816741865154, 36.319832098331865 ], [ -77.418552743959069, 36.28187267733157 ], [ -77.413166325935521, 36.255895069782738 ], [ -77.378321873266231, 36.240163470432229 ], [ -77.388728828440335, 36.203180713811882 ], [ -77.334688249353547, 36.182928737812965 ], [ -77.309174850209658, 36.162844677910954 ], [ -77.293206038171888, 36.162940002946492 ], [ -77.270103552665915, 36.155604422456257 ], [ -77.255607355608802, 36.13076737026929 ], [ -77.257194365536222, 36.11855294948603 ], [ -77.240729694957068, 36.101383287058709 ], [ -77.309571881043979, 36.087524935241419 ], [ -77.331903876593046, 36.068062783635675 ] ] ] ] } },
{ "type": "Feature", "properties": { "NAME": "Pasquotank", "AREA": 0.053 }, "geometry": { "type": "MultiPolygon", "coordinates": [ [ [ [ -76.298592285713639, 36.214305072768639 ], [ -76.323899677753829, 36.233698692414066 ], [ -76.372088326476188, 36.252421002526454 ], [ -76.4600192731166, 36.373970449385872 ], [ -76.502134489303771, 36.452357304478994 ], [ -76.498014271090284, 36.503972996470253 ], [ -76.40563497164041, 36.447230179720343 ], [ -76.321030184941065, 36.409716915519624 ], [ -76.303024339111346, 36.39191782315222 ], [ -76.273795279005725, 36.381480926296661 ], [ -76.260947061536342, 36.363830619648333 ], [ -76.23819552193649, 36.361301459041833 ], [ -76.215856115707069, 36.327919613269934 ], [ -76.193142726710391, 36.324925068516677 ], [ -76.182827511585984, 36.315312184949128 ], [ -76.218564768371323, 36.296681659378862 ], [ -76.112368511049681, 36.1744951327384 ], [ -76.141597728441454, 36.147766148175172 ], [ -76.234640965771106, 36.16343688455251 ], [ -76.298592285713639, 36.214305072768639 ] ] ] ] } },
{ "type": "Feature", "properties": { "NAME": "Wilkes", "AREA": 0.199 }, "geometry": { "type": "MultiPolygon", "coordinates": [ [ [ [ -81.020379431247065, 36.035024275163721 ], [ -81.083896133678422, 36.020856862718844 ], [ -81.123875369475769, 36.031373842391005 ], [ -81.157277913384277, 36.021070595626632 ], [ -81.235824946801159, 36.023912610712138 ], [ -81.321688880790163, 35.989417099926555 ], [ -81.347171785671435, 36.015448128940207 ], [ -81.388531959776174, 36.037656929661082 ], [ -81.397969770571834, 36.056146425378657 ], [ -81.429457232545985, 36.065751695020538 ], [ -81.454261121385613, 36.083146417125235 ], [ -81.517136876731371, 36.095521149746915 ], [ -81.545931066332713, 36.111481579355939 ], [ -81.499146118565221, 36.136123984895725 ], [ -81.450629176701554, 36.190707377948335 ], [ -81.472579525884711, 36.234442085900973 ], [ -81.452711955876055, 36.239671907750854 ], [ -81.430860645908453, 36.260804899393257 ], [ -81.412152776464168, 36.267377471112574 ], [ -81.406209253783643, 36.285138358320211 ], [ -81.367275262415419, 36.278783134104216 ], [ -81.353953878920152, 36.299801700753981 ], [ -81.365512679467685, 36.339134324098545 ], [ -81.361194275950751, 36.353244618909457 ], [ -81.328814098198578, 36.363586021203886 ], [ -81.264061445935823, 36.352496804987119 ], [ -81.239707633613705, 36.365447422953729 ], [ -81.176488392601712, 36.415525738286668 ], [ -81.153179847436334, 36.424821946586995 ], [ -81.138210528235831, 36.417707644931369 ], [ -81.129192283430115, 36.426412608327567 ], [ -81.113124288696497, 36.422933643814709 ], [ -81.098376191805698, 36.431234247802529 ], [ -81.084063006835692, 36.430002100890327 ], [ -81.042611268767388, 36.410417743314724 ], [ -81.024452826117809, 36.377917099078907 ], [ -81.002586331175891, 36.366763097620584 ], [ -80.98265009310758, 36.371916625510636 ], [ -80.977759451785431, 36.391458947292108 ], [ -80.956198084192451, 36.403879335652903 ], [ -80.924374970314915, 36.372835856588033 ], [ -80.888729380570027, 36.354510335560676 ], [ -80.8706701187362, 36.324706634704725 ], [ -80.874187603624023, 36.233968146345823 ], [ -80.877217013939244, 36.052495023099716 ], [ -80.988762200714945, 36.053437413963614 ], [ -81.020379431247065, 36.035024275163721 ] ] ] ] } },
{ "type": "Feature", "properties": { "NAME": "Watauga", "AREA": 0.081 }, "geometry": { "type": "MultiPolygon", "coordinates": [ [ [ [ -81.80605569887976, 36.104649954881019 ], [ -81.816988949172909, 36.10947546969863 ], [ -81.82214647796016, 36.157944095626696 ], [ -81.850078506296228, 36.181560475826387 ], [ -81.885029829530538, 36.188724389071908 ], [ -81.89840455100817, 36.198943787440122 ], [ -81.906400356464303, 36.22195361655546 ], [ -81.893834260924336, 36.267069172664954 ], [ -81.910993251657459, 36.290838127641102 ], [ -81.830408996572316, 36.334740545096189 ], [ -81.730323507301819, 36.329426631748895 ], [ -81.709288605031077, 36.333809607225632 ], [ -81.740211439367542, 36.361942517424389 ], [ -81.740905671482949, 36.391868260866325 ], [ -81.632893094113186, 36.340771190843661 ], [ -81.56180797017376, 36.273679451942655 ], [ -81.540666265585145, 36.272592253012746 ], [ -81.472579525884711, 36.234442085900973 ], [ -81.450629176701554, 36.190707377948335 ], [ -81.499146118565221, 36.136123984895725 ], [ -81.545931066332713, 36.111481579355939 ], [ -81.65883432294001, 36.117680505634503 ], [ -81.80605569887976, 36.104649954881019 ] ] ] ] } },
{ "type": "Feature", "properties": { "NAME": "Perquimans", "AREA": 0.063 }, "geometry": { "type": "MultiPolygon", "coordinates": [ [ [ [ -76.480200873336543, 36.079870612382294 ], [ -76.536629563138746, 36.088003543414843 ], [ -76.575273564851983, 36.102735723737069 ], [ -76.594163954608618, 36.239894388053067 ], [ -76.570756098482519, 36.277804061448123 ], [ -76.562180134015946, 36.340642351497991 ], [ -76.4600192731166, 36.373970449385872 ], [ -76.372088326476188, 36.252421002526454 ], [ -76.323899677753829, 36.233698692414066 ], [ -76.298592285713639, 36.214305072768639 ], [ -76.275169771766357, 36.110448063733685 ], [ -76.480200873336543, 36.079870612382294 ] ] ] ] } },
{ "type": "Feature", "properties": { "NAME": "Chowan", "AREA": 0.044 }, "geometry": { "type": "MultiPolygon", "coordinates": [ [ [ [ -76.688412522247873, 36.294592544303562 ], [ -76.647891481419663, 36.315389768572452 ], [ -76.603914306511982, 36.315057776493269 ], [ -76.562180134015946, 36.340642351497991 ], [ -76.570756098482519, 36.277804061448123 ], [ -76.594163954608618, 36.239894388053067 ], [ -76.575273564851983, 36.102735723737069 ], [ -76.536629563138746, 36.088003543414843 ], [ -76.480200873336543, 36.079870612382294 ], [ -76.420094758507418, 36.058684030666242 ], [ -76.522682938825795, 36.00724793844185 ], [ -76.593676607034013, 36.010212093324547 ], [ -76.648693621259966, 36.065787482637553 ], [ -76.632885150594589, 36.037196840846335 ], [ -76.689832637753781, 36.049689884392713 ], [ -76.726187375316172, 36.156899971059453 ], [ -76.688412522247873, 36.294592544303562 ] ] ] ] } },
{ "type": "Feature", "properties": { "NAME": "Avery", "AREA": 0.064 }, "geometry": { "type": "MultiPolygon", "coordinates": [ [ [ [ -81.941184387899369, 35.955067296564913 ], [ -81.961235087395352, 35.939312929534857 ], [ -81.944793276486664, 35.918706313691843 ], [ -81.946860922766177, 35.910504877054791 ], [ -81.988205896725106, 35.90573665344585 ], [ -82.00490713898472, 35.914533196093231 ], [ -82.048945258205379, 35.967327638807866 ], [ -82.042566812255146, 36.005100032225535 ], [ -82.062167271639439, 36.035617047806539 ], [ -82.077601885489031, 36.100229170434631 ], [ -82.020295671378321, 36.129800063227982 ], [ -81.932951386305504, 36.263407185340292 ], [ -81.910993251657459, 36.290838127641102 ], [ -81.893834260924336, 36.267069172664954 ], [ -81.906400356464303, 36.22195361655546 ], [ -81.89840455100817, 36.198943787440122 ], [ -81.885029829530538, 36.188724389071908 ], [ -81.850078506296228, 36.181560475826387 ], [ -81.82214647796016, 36.157944095626696 ], [ -81.816988949172909, 36.10947546969863 ], [ -81.80605569887976, 36.104649954881019 ], [ -81.732101789208158, 36.058565378167764 ], [ -81.802622666477149, 35.960422839483016 ], [ -81.859707537459215, 35.970432489199155 ], [ -81.880650832522605, 35.989616258869468 ], [ -81.900686230676143, 35.994743140002647 ], [ -81.921988182719616, 35.982605036785266 ], [ -81.941184387899369, 35.955067296564913 ] ] ] ] } },
{ "type": "Feature", "properties": { "NAME": "Yadkin", "AREA": 0.086 }, "geometry": { "type": "MultiPolygon", "coordinates": [ [ [ [ -80.495338807915672, 36.043354548397879 ], [ -80.689375545117656, 36.045567358077356 ], [ -80.877217013939244, 36.052495023099716 ], [ -80.874187603624023, 36.233968146345823 ], [ -80.782502298316572, 36.248661932194118 ], [ -80.766098559512173, 36.26192154231132 ], [ -80.752365233662516, 36.258381547355725 ], [ -80.734168548726117, 36.26484349231557 ], [ -80.723838045072483, 36.258556972732237 ], [ -80.696455299960405, 36.259174896336752 ], [ -80.667241478413288, 36.246186048685352 ], [ -80.624111108513659, 36.273182078661812 ], [ -80.590395784253815, 36.268360335140883 ], [ -80.553949013488705, 36.278514805568093 ], [ -80.544808720908847, 36.276740989156423 ], [ -80.536675586965288, 36.25682100217945 ], [ -80.476180253554148, 36.25481059061871 ], [ -80.45613724695373, 36.242641901823681 ], [ -80.440603380834602, 36.219571022971408 ], [ -80.444601560620697, 36.123392900738928 ], [ -80.491775602981917, 36.107783539974605 ], [ -80.504784155104772, 36.095027459371281 ], [ -80.508042069589095, 36.070972446292011 ], [ -80.495338807915672, 36.043354548397879 ] ] ] ] } },
{ "type": "Feature", "properties": { "NAME": "Franklin", "AREA": 0.128 }, "geometry": { "type": "MultiPolygon", "coordinates": [ [ [ [ -78.254273388380582, 35.815613284471702 ], [ -78.266572235613651, 35.848464835345389 ], [ -78.308138294011727, 35.893534689528295 ], [ -78.329272382738779, 35.887934871981592 ], [ -78.359844197172407, 35.918760903909295 ], [ -78.394207995953181, 35.932386812751915 ], [ -78.430875852104961, 35.972802822188306 ], [ -78.547761619792496, 36.014210814780803 ], [ -78.54558699446666, 36.068172471352867 ], [ -78.492255532334852, 36.173669590281911 ], [ -78.41668409695599, 36.162256065071588 ], [ -78.380580477453961, 36.22483108130767 ], [ -78.345774108361496, 36.225262054822508 ], [ -78.308487989976186, 36.260120010086361 ], [ -78.13444097573668, 36.236663480914771 ], [ -78.109347208404756, 36.213588758667782 ], [ -78.058068480997647, 36.211402858755093 ], [ -78.006003949572118, 36.196025985390222 ], [ -78.130634551144439, 36.021553018873853 ], [ -78.254273388380582, 35.815613284471702 ] ] ] ] } },
{ "type": "Feature", "properties": { "NAME": "Forsyth", "AREA": 0.108 }, "geometry": { "type": "MultiPolygon", "coordinates": [ [ [ [ -80.037881582144692, 36.006271782214093 ], [ -80.120930055468079, 36.021641051100758 ], [ -80.209662646173754, 36.021515328140737 ], [ -80.211852434520509, 35.990212532689874 ], [ -80.334094350256933, 35.992654107944475 ], [ -80.330073565648462, 35.98132466981891 ], [ -80.380032414114908, 35.968019351524227 ], [ -80.411382517515221, 35.984700753222562 ], [ -80.417768454328311, 36.008721447449105 ], [ -80.449744176247862, 36.029926994788205 ], [ -80.464660048967446, 36.05028185229537 ], [ -80.483924894816965, 36.038410776547181 ], [ -80.495338807915672, 36.043354548397879 ], [ -80.508042069589095, 36.070972446292011 ], [ -80.504784155104772, 36.095027459371281 ], [ -80.491775602981917, 36.107783539974605 ], [ -80.444601560620697, 36.123392900738928 ], [ -80.440603380834602, 36.219571022971408 ], [ -80.45613724695373, 36.242641901823681 ], [ -80.452803060127934, 36.257171803113714 ], [ -80.025452233896587, 36.250316156961823 ], [ -80.037881582144692, 36.006271782214093 ] ] ] ] } },
{ "type": "Feature", "properties": { "NAME": "Guilford", "AREA": 0.17 }, "geometry": { "type": "MultiPolygon", "coordinates": [ [ [ [ -79.537584247713781, 35.891057780081155 ], [ -80.042383310587368, 35.916902802074084 ], [ -80.037881582144692, 36.006271782214093 ], [ -80.025452233896587, 36.250316156961823 ], [ -79.530342701819052, 36.236239246071541 ], [ -79.537584247713781, 35.891057780081155 ] ] ] ] } },
{ "type": "Feature", "properties": { "NAME": "Alamance", "AREA": 0.111 }, "geometry": { "type": "MultiPolygon", "coordinates": [ [ [ [ -79.245949392314799, 35.868241943342184 ], [ -79.237747636276566, 35.837335858211745 ], [ -79.540750702625473, 35.837080881235046 ], [ -79.537584247713781, 35.891057780081155 ], [ -79.530342701819052, 36.236239246071541 ], [ -79.530274005163321, 36.246218304679331 ], [ -79.258254850014183, 36.235769501196323 ], [ -79.259529579581653, 36.047979371220471 ], [ -79.270577721838023, 35.9046907099451 ], [ -79.245949392314799, 35.868241943342184 ] ] ] ] } },
{ "type": "Feature", "properties": { "NAME": "Bertie", "AREA": 0.18 }, "geometry": { "type": "MultiPolygon", "coordinates": [ [ [ [ -76.782747005833428, 35.859317591871587 ], [ -76.810213574357263, 35.881392880622762 ], [ -76.834521554186566, 35.884311130605141 ], [ -76.856411146597779, 35.835865493125581 ], [ -76.878170915616394, 35.817376080220825 ], [ -76.89816817977902, 35.814267216271801 ], [ -76.9044929279776, 35.867996177404017 ], [ -76.935781922837947, 35.894683353744036 ], [ -76.990417748325271, 35.877922047753053 ], [ -77.004112991649706, 35.861923559628856 ], [ -77.048006253004544, 35.857575004631578 ], [ -77.033868331677027, 35.914416648923257 ], [ -77.040574705756413, 35.931834231077914 ], [ -77.065988977542105, 35.936091415298193 ], [ -77.089701901170415, 35.925326612642117 ], [ -77.188368218367302, 35.93133108130192 ], [ -77.195585827685647, 35.936038343613006 ], [ -77.193090737942882, 35.988176597105472 ], [ -77.215231913311825, 35.9891493824368 ], [ -77.213499924868458, 36.00544544626392 ], [ -77.276413748366977, 36.027780223257942 ], [ -77.314950919842971, 36.048165666331798 ], [ -77.331903876593046, 36.068062783635675 ], [ -77.309571881043979, 36.087524935241419 ], [ -77.240729694957068, 36.101383287058709 ], [ -77.257194365536222, 36.11855294948603 ], [ -77.255607355608802, 36.13076737026929 ], [ -77.270103552665915, 36.155604422456257 ], [ -77.293206038171888, 36.162940002946492 ], [ -77.298310071105504, 36.211606989780954 ], [ -77.234305107771547, 36.214677598953905 ], [ -77.217359600375687, 36.241059497429717 ], [ -77.129763867882346, 36.233540647000964 ], [ -76.994437144650121, 36.235657410905368 ], [ -76.980375761414734, 36.230313085331893 ], [ -76.744742314892704, 36.233993571802799 ], [ -76.760352897955798, 36.144670379164211 ], [ -76.693441682040671, 35.993050375331769 ], [ -76.740806635378476, 35.93670852967832 ], [ -76.696898111853585, 35.941625460248716 ], [ -76.707999307045824, 35.919916475440147 ], [ -76.728278891803285, 35.910940724024321 ], [ -76.741401962080459, 35.883158867724106 ], [ -76.760941510988204, 35.864627487310621 ], [ -76.782747005833428, 35.859317591871587 ] ] ] ] } },
{ "type": "Feature", "properties": { "NAME": "Orange", "AREA": 0.104 }, "geometry": { "type": "MultiPolygon", "coordinates": [ [ [ [ -79.01788457168594, 35.857953438415421 ], [ -79.095119311748107, 35.85403216713177 ], [ -79.245949392314799, 35.868241943342184 ], [ -79.270577721838023, 35.9046907099451 ], [ -79.259529579581653, 36.047979371220471 ], [ -79.258254850014183, 36.235769501196323 ], [ -79.159023894271456, 36.23375136080508 ], [ -78.950826564795847, 36.233918768318496 ], [ -79.01788457168594, 35.857953438415421 ] ] ] ] } },
{ "type": "Feature", "properties": { "NAME": "Durham", "AREA": 0.077 }, "geometry": { "type": "MultiPolygon", "coordinates": [ [ [ [ -79.01788457168594, 35.857953438415421 ], [ -78.950826564795847, 36.233918768318496 ], [ -78.806542651307311, 36.231656387185147 ], [ -78.810098441928119, 36.114658053254146 ], [ -78.803796478278556, 36.081024501994285 ], [ -78.788155800424832, 36.062267964207244 ], [ -78.74886320754446, 36.063675475450829 ], [ -78.753135970473423, 36.011548656902036 ], [ -78.727843700337417, 36.027158040301913 ], [ -78.715910963026431, 36.026578191685573 ], [ -78.703894393916784, 35.997411557054861 ], [ -78.707083645638193, 35.97703003346593 ], [ -78.73394007653684, 35.934672520605481 ], [ -78.763245544672429, 35.914561893795664 ], [ -78.80803907514678, 35.920013085515897 ], [ -78.827700820002889, 35.860318103000651 ], [ -78.905461990225973, 35.860604364788735 ], [ -79.01788457168594, 35.857953438415421 ] ] ] ] } },
{ "type": "Feature", "properties": { "NAME": "Nash", "AREA": 0.142 }, "geometry": { "type": "MultiPolygon", "coordinates": [ [ [ [ -78.186652309848284, 35.725202789365738 ], [ -78.205344896113516, 35.725485114070963 ], [ -78.21127307268668, 35.738283181345238 ], [ -78.2337728181313, 35.745881958014671 ], [ -78.254273388380582, 35.815613284471702 ], [ -78.130634551144439, 36.021553018873853 ], [ -78.006003949572118, 36.196025985390222 ], [ -77.984831796556534, 36.177525007881741 ], [ -77.973112645170048, 36.189121437676071 ], [ -77.955579777627293, 36.183830512313953 ], [ -77.938947173462665, 36.187629838499632 ], [ -77.922116248294216, 36.177810955808617 ], [ -77.917553806314402, 36.156861029566819 ], [ -77.88655467046641, 36.144520647149534 ], [ -77.811013750753645, 36.135899416027364 ], [ -77.80107994366476, 36.144337340049582 ], [ -77.746879055538543, 36.146503915351211 ], [ -77.719893105465303, 36.134194058702846 ], [ -77.700216256777153, 36.144249359206867 ], [ -77.829859953269946, 35.854582470664369 ], [ -77.844638609915634, 35.835661981812152 ], [ -77.872761384327433, 35.844794253219803 ], [ -78.186652309848284, 35.725202789365738 ] ] ] ] } },
{ "type": "Feature", "properties": { "NAME": "Mitchell", "AREA": 0.059 }, "geometry": { "type": "MultiPolygon", "coordinates": [ [ [ [ -82.118695626905151, 35.818626101887219 ], [ -82.146497997570066, 35.81857654756616 ], [ -82.140859542544703, 35.900365863850944 ], [ -82.149412316578847, 35.921540846992833 ], [ -82.184455181259239, 35.934968365197378 ], [ -82.195617305935357, 35.947468899638388 ], [ -82.198897941968809, 36.00186161927045 ], [ -82.231949496200528, 36.003967333517998 ], [ -82.240464201240158, 35.984295330552271 ], [ -82.258706644280494, 35.985767798239685 ], [ -82.301546935454255, 36.029418590598823 ], [ -82.309542821820216, 36.011566161382547 ], [ -82.329532448017673, 36.014354676188688 ], [ -82.340114724383639, 36.02548957607118 ], [ -82.344349084993723, 36.070330485921495 ], [ -82.385030259468749, 36.078596826665333 ], [ -82.408277749670134, 36.075407829373411 ], [ -82.373707849965356, 36.098787618855994 ], [ -82.311778093966169, 36.122239852757453 ], [ -82.262154979678471, 36.120465990054392 ], [ -82.207580180182418, 36.147103443947877 ], [ -82.153898113240089, 36.139710632527226 ], [ -82.117924490381299, 36.096345935505013 ], [ -82.077601885489031, 36.100229170434631 ], [ -82.062167271639439, 36.035617047806539 ], [ -82.042566812255146, 36.005100032225535 ], [ -82.048945258205379, 35.967327638807866 ], [ -82.00490713898472, 35.914533196093231 ], [ -81.988205896725106, 35.90573665344585 ], [ -81.983185636479917, 35.887670592930824 ], [ -81.990739000226057, 35.872568511508817 ], [ -82.034525483089055, 35.853674743380438 ], [ -82.097836169884147, 35.843951353133349 ], [ -82.118695626905151, 35.818626101887219 ] ] ] ] } },
{ "type": "Feature", "properties": { "NAME": "Edgecombe", "AREA": 0.131 }, "geometry": { "type": "MultiPolygon", "coordinates": [ [ [ [ -77.670927853967157, 35.670354958158505 ], [ -77.732857285728358, 35.739636250191062 ], [ -77.757203214447543, 35.798190744769144 ], [ -77.754715859072178, 35.824923606552595 ], [ -77.766846923153452, 35.836951137857739 ], [ -77.829859953269946, 35.854582470664369 ], [ -77.700216256777153, 36.144249359206867 ], [ -77.685330842850462, 36.146683052928196 ], [ -77.64206329473113, 36.126782054759943 ], [ -77.60596000334499, 36.0974742129116 ], [ -77.547585751970942, 36.088574552434736 ], [ -77.536393110616615, 36.082444424925413 ], [ -77.535561581738193, 36.055654323480397 ], [ -77.52483440059811, 36.035467311345691 ], [ -77.463675337458241, 36.026464649174351 ], [ -77.437917760622938, 36.014116650519931 ], [ -77.425443387224348, 35.996145931253686 ], [ -77.405011249310945, 35.994799318323444 ], [ -77.342067151054678, 35.908088977879217 ], [ -77.357799793536898, 35.815397522230242 ], [ -77.396504842800752, 35.828504658574438 ], [ -77.405393400428395, 35.817350727358573 ], [ -77.418279822651712, 35.822172441065518 ], [ -77.426695353535791, 35.80828342515283 ], [ -77.454413842812585, 35.793902371305578 ], [ -77.472938555758915, 35.799746417130784 ], [ -77.505219630584506, 35.7668415736497 ], [ -77.670927853967157, 35.670354958158505 ] ] ] ] } },
{ "type": "Feature", "properties": { "NAME": "Caldwell", "AREA": 0.122 }, "geometry": { "type": "MultiPolygon", "coordinates": [ [ [ [ -81.327953245658904, 35.79515363154281 ], [ -81.376477788332437, 35.750129721177515 ], [ -81.417395476760404, 35.756000484359625 ], [ -81.456970310849101, 35.780028845544926 ], [ -81.560084760947561, 35.775542999117825 ], [ -81.593197271483135, 35.813220068818872 ], [ -81.701659966876505, 35.868890821634963 ], [ -81.748276895323229, 35.920849863930535 ], [ -81.773309707833178, 35.922295640726126 ], [ -81.775522255064828, 35.94403899537587 ], [ -81.802622666477149, 35.960422839483016 ], [ -81.732101789208158, 36.058565378167764 ], [ -81.80605569887976, 36.104649954881019 ], [ -81.65883432294001, 36.117680505634503 ], [ -81.545931066332713, 36.111481579355939 ], [ -81.517136876731371, 36.095521149746915 ], [ -81.454261121385613, 36.083146417125235 ], [ -81.429457232545985, 36.065751695020538 ], [ -81.397969770571834, 36.056146425378657 ], [ -81.388531959776174, 36.037656929661082 ], [ -81.347171785671435, 36.015448128940207 ], [ -81.321688880790163, 35.989417099926555 ], [ -81.329081992321562, 35.98933700392076 ], [ -81.339389757989252, 35.929332996229277 ], [ -81.330501360086544, 35.875893931931422 ], [ -81.337032431381971, 35.827722889246232 ], [ -81.327953245658904, 35.79515363154281 ] ] ] ] } },
{ "type": "Feature", "properties": { "NAME": "Yancey", "AREA": 0.08 }, "geometry": { "type": "MultiPolygon", "coordinates": [ [ [ [ -82.279055411195969, 35.697653200318648 ], [ -82.281428183542985, 35.720300611619926 ], [ -82.321697331298807, 35.739945963506926 ], [ -82.341702176080403, 35.76360427313319 ], [ -82.345249876551634, 35.805290467996606 ], [ -82.375104596986986, 35.816497864983809 ], [ -82.405668898293627, 35.814067987854109 ], [ -82.441337293066169, 35.882323072763029 ], [ -82.486947180145506, 35.904978173017632 ], [ -82.48380369508881, 35.947701948217869 ], [ -82.506791725794415, 35.972634354026361 ], [ -82.475052426304487, 35.99326761456971 ], [ -82.408277749670134, 36.075407829373411 ], [ -82.385030259468749, 36.078596826665333 ], [ -82.344349084993723, 36.070330485921495 ], [ -82.340114724383639, 36.02548957607118 ], [ -82.329532448017673, 36.014354676188688 ], [ -82.309542821820216, 36.011566161382547 ], [ -82.301546935454255, 36.029418590598823 ], [ -82.258706644280494, 35.985767798239685 ], [ -82.240464201240158, 35.984295330552271 ], [ -82.231949496200528, 36.003967333517998 ], [ -82.198897941968809, 36.00186161927045 ], [ -82.195617305935357, 35.947468899638388 ], [ -82.184455181259239, 35.934968365197378 ], [ -82.149412316578847, 35.921540846992833 ], [ -82.140859542544703, 35.900365863850944 ], [ -82.146497997570066, 35.81857654756616 ], [ -82.118695626905151, 35.818626101887219 ], [ -82.154440480892433, 35.798465869177846 ], [ -82.16413781295401, 35.760621016102533 ], [ -82.211632339577079, 35.717084798024281 ], [ -82.279055411195969, 35.697653200318648 ] ] ] ] } },
{ "type": "Feature", "properties": { "NAME": "Martin", "AREA": 0.118 }, "geometry": { "type": "MultiPolygon", "coordinates": [ [ [ [ -77.178152913146519, 35.732280287998222 ], [ -77.207359036889443, 35.755213863340217 ], [ -77.260514632307874, 35.759177389226572 ], [ -77.264199652019471, 35.78286619585824 ], [ -77.357799793536898, 35.815397522230242 ], [ -77.342067151054678, 35.908088977879217 ], [ -77.405011249310945, 35.994799318323444 ], [ -77.331903876593046, 36.068062783635675 ], [ -77.314950919842971, 36.048165666331798 ], [ -77.276413748366977, 36.027780223257942 ], [ -77.213499924868458, 36.00544544626392 ], [ -77.215231913311825, 35.9891493824368 ], [ -77.193090737942882, 35.988176597105472 ], [ -77.195585827685647, 35.936038343613006 ], [ -77.188368218367302, 35.93133108130192 ], [ -77.089701901170415, 35.925326612642117 ], [ -77.065988977542105, 35.936091415298193 ], [ -77.040574705756413, 35.931834231077914 ], [ -77.033868331677027, 35.914416648923257 ], [ -77.048006253004544, 35.857575004631578 ], [ -77.004112991649706, 35.861923559628856 ], [ -76.990417748325271, 35.877922047753053 ], [ -76.935781922837947, 35.894683353744036 ], [ -76.9044929279776, 35.867996177404017 ], [ -76.89816817977902, 35.814267216271801 ], [ -76.878170915616394, 35.817376080220825 ], [ -76.856411146597779, 35.835865493125581 ], [ -76.834521554186566, 35.884311130605141 ], [ -76.810213574357263, 35.881392880622762 ], [ -76.782747005833428, 35.859317591871587 ], [ -76.806360894075013, 35.810925366279193 ], [ -76.804957124286403, 35.790459919584755 ], [ -76.825641175206229, 35.756967601277054 ], [ -76.837993744185624, 35.705542731229968 ], [ -76.979599827512729, 35.650215846319611 ], [ -77.160978605702169, 35.736865418533625 ], [ -77.178152913146519, 35.732280287998222 ] ] ] ] } },
{ "type": "Feature", "properties": { "NAME": "Wake", "AREA": 0.219 }, "geometry": { "type": "MultiPolygon", "coordinates": [ [ [ [ -78.920821322457044, 35.57895184515823 ], [ -78.998559526999529, 35.601416305973217 ], [ -78.938635927974488, 35.761534892461988 ], [ -78.944182640136077, 35.770205538703856 ], [ -78.905461990225973, 35.860604364788735 ], [ -78.827700820002889, 35.860318103000651 ], [ -78.80803907514678, 35.920013085515897 ], [ -78.763245544672429, 35.914561893795664 ], [ -78.73394007653684, 35.934672520605481 ], [ -78.707083645638193, 35.97703003346593 ], [ -78.703894393916784, 35.997411557054861 ], [ -78.715910963026431, 36.026578191685573 ], [ -78.727843700337417, 36.027158040301913 ], [ -78.753135970473423, 36.011548656902036 ], [ -78.74886320754446, 36.063675475450829 ], [ -78.695310833151879, 36.066730872626493 ], [ -78.547761619792496, 36.014210814780803 ], [ -78.430875852104961, 35.972802822188306 ], [ -78.394207995953181, 35.932386812751915 ], [ -78.359844197172407, 35.918760903909295 ], [ -78.329272382738779, 35.887934871981592 ], [ -78.308138294011727, 35.893534689528295 ], [ -78.266572235613651, 35.848464835345389 ], [ -78.254273388380582, 35.815613284471702 ], [ -78.477371735428449, 35.695704980075035 ], [ -78.702957501675044, 35.520034578041681 ], [ -78.920821322457044, 35.57895184515823 ] ] ] ] } },
{ "type": "Feature", "properties": { "NAME": "Madison", "AREA": 0.118 }, "geometry": { "type": "MultiPolygon", "coordinates": [ [ [ [ -82.895841875764617, 35.948453901686371 ], [ -82.856137281160997, 35.947519275329171 ], [ -82.808536062534628, 35.92096563029331 ], [ -82.776308443820156, 35.956666653102545 ], [ -82.773462538995773, 35.987595617015387 ], [ -82.763093850685863, 35.999638372092605 ], [ -82.64375107992943, 36.051814660231955 ], [ -82.627904332653642, 36.054431473867275 ], [ -82.604260127755992, 36.04307912522868 ], [ -82.592090903661713, 36.022541175991542 ], [ -82.605664049752008, 36.003639731270262 ], [ -82.599163676034934, 35.963391630750529 ], [ -82.554003907357838, 35.956201012568734 ], [ -82.506791725794415, 35.972634354026361 ], [ -82.48380369508881, 35.947701948217869 ], [ -82.486947180145506, 35.904978173017632 ], [ -82.441337293066169, 35.882323072763029 ], [ -82.405668898293627, 35.814067987854109 ], [ -82.500406043349074, 35.79622329892112 ], [ -82.766169110203208, 35.694098549328515 ], [ -82.805492236011958, 35.685004535528236 ], [ -82.843136816794726, 35.691825120391741 ], [ -82.880979809155804, 35.673659934447286 ], [ -82.907408757279072, 35.727945843099469 ], [ -82.95205733215542, 35.739096030905927 ], [ -82.942916991236686, 35.766561299190137 ], [ -82.96262428400702, 35.791947630754684 ], [ -82.906691335535228, 35.872310222742215 ], [ -82.913939392645617, 35.927961765347213 ], [ -82.895841875764617, 35.948453901686371 ] ] ] ] } },
{ "type": "Feature", "properties": { "NAME": "Iredell", "AREA": 0.155 }, "geometry": { "type": "MultiPolygon", "coordinates": [ [ [ [ -80.726319545004856, 35.507667592303953 ], [ -80.776034204272179, 35.506908563866034 ], [ -80.955154981504691, 35.509220510007282 ], [ -80.950882343513427, 35.52876661661513 ], [ -80.961243343698513, 35.543662724880143 ], [ -80.931083242026858, 35.61968806425584 ], [ -81.00338905002711, 35.697151688327921 ], [ -81.054591451198888, 35.713497421146052 ], [ -81.072017452987282, 35.743743582663377 ], [ -81.108700643697418, 35.771994728411805 ], [ -81.048914718889677, 35.836061213419228 ], [ -80.995156013784438, 35.977167840757339 ], [ -81.020379431247065, 36.035024275163721 ], [ -80.988762200714945, 36.053437413963614 ], [ -80.877217013939244, 36.052495023099716 ], [ -80.689375545117656, 36.045567358077356 ], [ -80.705772105260948, 35.851750202974578 ], [ -80.76592451934701, 35.682133144168496 ], [ -80.726319545004856, 35.507667592303953 ] ] ] ] } },
{ "type": "Feature", "properties": { "NAME": "Davie", "AREA": 0.069 }, "geometry": { "type": "MultiPolygon", "coordinates": [ [ [ [ -80.45656580225976, 35.745890208946854 ], [ -80.488488092519546, 35.775709161336216 ], [ -80.526521776669242, 35.781900357263744 ], [ -80.572123987442026, 35.81390511271367 ], [ -80.607357592953051, 35.822350745331143 ], [ -80.634740286335585, 35.840351993404212 ], [ -80.705772105260948, 35.851750202974578 ], [ -80.689375545117656, 36.045567358077356 ], [ -80.495338807915672, 36.043354548397879 ], [ -80.483924894816965, 36.038410776547181 ], [ -80.464660048967446, 36.05028185229537 ], [ -80.449744176247862, 36.029926994788205 ], [ -80.417768454328311, 36.008721447449105 ], [ -80.411382517515221, 35.984700753222562 ], [ -80.380032414114908, 35.968019351524227 ], [ -80.362858186511659, 35.942213396723986 ], [ -80.361500234469545, 35.895942019956117 ], [ -80.405729224817293, 35.88446008280485 ], [ -80.386296626981405, 35.858661757423789 ], [ -80.386227994761029, 35.845505124914041 ], [ -80.395276750278896, 35.839577217613041 ], [ -80.414594956938046, 35.844955868413237 ], [ -80.42586395688825, 35.830399289440678 ], [ -80.44629610238745, 35.830776972208625 ], [ -80.457587974565968, 35.822567924719799 ], [ -80.479217944917636, 35.833370971750654 ], [ -80.472679474462524, 35.786210788264967 ], [ -80.450439161119945, 35.764970935986931 ], [ -80.45656580225976, 35.745890208946854 ] ] ] ] } },
{ "type": "Feature", "properties": { "NAME": "Alexander", "AREA": 0.066 }, "geometry": { "type": "MultiPolygon", "coordinates": [ [ [ [ -81.108700643697418, 35.771994728411805 ], [ -81.127095639914401, 35.789061375364739 ], [ -81.141218003843463, 35.823412069286185 ], [ -81.327953245658904, 35.79515363154281 ], [ -81.337032431381971, 35.827722889246232 ], [ -81.330501360086544, 35.875893931931422 ], [ -81.339389757989252, 35.929332996229277 ], [ -81.329081992321562, 35.98933700392076 ], [ -81.321688880790163, 35.989417099926555 ], [ -81.235824946801159, 36.023912610712138 ], [ -81.157277913384277, 36.021070595626632 ], [ -81.123875369475769, 36.031373842391005 ], [ -81.083896133678422, 36.020856862718844 ], [ -81.020379431247065, 36.035024275163721 ], [ -80.995156013784438, 35.977167840757339 ], [ -81.048914718889677, 35.836061213419228 ], [ -81.108700643697418, 35.771994728411805 ] ] ] ] } },
{ "type": "Feature", "properties": { "NAME": "Davidson", "AREA": 0.145 }, "geometry": { "type": "MultiPolygon", "coordinates": [ [ [ [ -80.064189909942257, 35.505797290776179 ], [ -80.181693810847349, 35.505217678578298 ], [ -80.2090000656993, 35.574609481506947 ], [ -80.251008665733707, 35.624897698203171 ], [ -80.285570850050817, 35.637070213745574 ], [ -80.325382130098987, 35.683250084814169 ], [ -80.326076345418201, 35.714106557266589 ], [ -80.377049902914692, 35.710780296050395 ], [ -80.45656580225976, 35.745890208946854 ], [ -80.450439161119945, 35.764970935986931 ], [ -80.472679474462524, 35.786210788264967 ], [ -80.479217944917636, 35.833370971750654 ], [ -80.457587974565968, 35.822567924719799 ], [ -80.44629610238745, 35.830776972208625 ], [ -80.42586395688825, 35.830399289440678 ], [ -80.414594956938046, 35.844955868413237 ], [ -80.395276750278896, 35.839577217613041 ], [ -80.386227994761029, 35.845505124914041 ], [ -80.386296626981405, 35.858661757423789 ], [ -80.405729224817293, 35.88446008280485 ], [ -80.361500234469545, 35.895942019956117 ], [ -80.362858186511659, 35.942213396723986 ], [ -80.380032414114908, 35.968019351524227 ], [ -80.330073565648462, 35.98132466981891 ], [ -80.334094350256933, 35.992654107944475 ], [ -80.211852434520509, 35.990212532689874 ], [ -80.209662646173754, 36.021515328140737 ], [ -80.120930055468079, 36.021641051100758 ], [ -80.037881582144692, 36.006271782214093 ], [ -80.042383310587368, 35.916902802074084 ], [ -80.064189909942257, 35.505797290776179 ] ] ] ] } },
{ "type": "Feature", "properties": { "NAME": "Burke", "AREA": 0.134 }, "geometry": { "type": "MultiPolygon", "coordinates": [ [ [ [ -81.816120275641751, 35.574478483613333 ], [ -81.86546079287163, 35.718949695377589 ], [ -81.98543655242176, 35.800048717340644 ], [ -81.975136515857557, 35.818374148964473 ], [ -81.932822571198258, 35.827693214958614 ], [ -81.90609593721166, 35.848089965280344 ], [ -81.906065329243177, 35.892106896141406 ], [ -81.941184387899369, 35.955067296564913 ], [ -81.921988182719616, 35.982605036785266 ], [ -81.900686230676143, 35.994743140002647 ], [ -81.880650832522605, 35.989616258869468 ], [ -81.859707537459215, 35.970432489199155 ], [ -81.802622666477149, 35.960422839483016 ], [ -81.775522255064828, 35.94403899537587 ], [ -81.773309707833178, 35.922295640726126 ], [ -81.748276895323229, 35.920849863930535 ], [ -81.701659966876505, 35.868890821634963 ], [ -81.593197271483135, 35.813220068818872 ], [ -81.560084760947561, 35.775542999117825 ], [ -81.456970310849101, 35.780028845544926 ], [ -81.417395476760404, 35.756000484359625 ], [ -81.376477788332437, 35.750129721177515 ], [ -81.405546791644795, 35.697606239511074 ], [ -81.4955232044003, 35.606646730681952 ], [ -81.523470632140629, 35.561359594870389 ], [ -81.562366491974828, 35.555408842543279 ], [ -81.587940993661192, 35.561874660538599 ], [ -81.643736486424217, 35.553398652573051 ], [ -81.684150604496011, 35.565536831403499 ], [ -81.695030442221835, 35.571735604917315 ], [ -81.700653428729211, 35.595710503473654 ], [ -81.749444892810999, 35.601810149564898 ], [ -81.765444260623525, 35.584323950208514 ], [ -81.816120275641751, 35.574478483613333 ] ] ] ] } },
{ "type": "Feature", "properties": { "NAME": "Washington", "AREA": 0.1 }, "geometry": { "type": "MultiPolygon", "coordinates": [ [ [ [ -76.408102476868237, 35.699201678296625 ], [ -76.633496878306602, 35.703089387223521 ], [ -76.837993744185624, 35.705542731229968 ], [ -76.825641175206229, 35.756967601277054 ], [ -76.804957124286403, 35.790459919584755 ], [ -76.806360894075013, 35.810925366279193 ], [ -76.782747005833428, 35.859317591871587 ], [ -76.760941510988204, 35.864627487310621 ], [ -76.741401962080459, 35.883158867724106 ], [ -76.728278891803285, 35.910940724024321 ], [ -76.707999307045824, 35.919916475440147 ], [ -76.696898111853585, 35.941625460248716 ], [ -76.409138952999172, 35.977546976275072 ], [ -76.371151229282546, 35.932423705207704 ], [ -76.38322906153995, 35.900495352827953 ], [ -76.357860718950562, 35.86067444694811 ], [ -76.40836914116646, 35.789566230083395 ], [ -76.408102476868237, 35.699201678296625 ] ] ] ] } },
{ "type": "Feature", "properties": { "NAME": "Tyrrell", "AREA": 0.099 }, "geometry": { "type": "MultiPolygon", "coordinates": [ [ [ [ -76.16696815613426, 35.696927497103168 ], [ -76.20990044766026, 35.60447648544627 ], [ -76.232461291289113, 35.594753082509747 ], [ -76.297297780041077, 35.6117817244252 ], [ -76.273111543055194, 35.689584648494261 ], [ -76.408102476868237, 35.699201678296625 ], [ -76.40836914116646, 35.789566230083395 ], [ -76.357860718950562, 35.86067444694811 ], [ -76.38322906153995, 35.900495352827953 ], [ -76.371151229282546, 35.932423705207704 ], [ -76.213431397272132, 35.976955165649244 ], [ -76.089297430465706, 35.962993298029318 ], [ -76.025704675858492, 35.920505856944295 ], [ -76.075572613106516, 35.756885446075387 ], [ -76.042727383717178, 35.68393455081835 ], [ -76.16696815613426, 35.696927497103168 ] ] ] ] } },
{ "type": "Feature", "properties": { "NAME": "McDowell", "AREA": 0.116 }, "geometry": { "type": "MultiPolygon", "coordinates": [ [ [ [ -81.816120275641751, 35.574478483613333 ], [ -81.831730515193613, 35.565163201391336 ], [ -81.840107904001584, 35.537343185901783 ], [ -81.861989692768745, 35.530648556773357 ], [ -81.966889476299201, 35.521688153593026 ], [ -82.001444017102287, 35.546075066836686 ], [ -82.036029158550392, 35.528688072428402 ], [ -82.116598057210155, 35.519105850374764 ], [ -82.170554774217948, 35.528566177449036 ], [ -82.267855355922109, 35.568959315763145 ], [ -82.290522945745764, 35.589401896145581 ], [ -82.265192533945594, 35.612587130090532 ], [ -82.284091076085261, 35.639003404067971 ], [ -82.289035015080586, 35.671587904599377 ], [ -82.279055411195969, 35.697653200318648 ], [ -82.211632339577079, 35.717084798024281 ], [ -82.16413781295401, 35.760621016102533 ], [ -82.154440480892433, 35.798465869177846 ], [ -82.118695626905151, 35.818626101887219 ], [ -82.097836169884147, 35.843951353133349 ], [ -82.034525483089055, 35.853674743380438 ], [ -81.990739000226057, 35.872568511508817 ], [ -81.983185636479917, 35.887670592930824 ], [ -81.988205896725106, 35.90573665344585 ], [ -81.946860922766177, 35.910504877054791 ], [ -81.944793276486664, 35.918706313691843 ], [ -81.961235087395352, 35.939312929534857 ], [ -81.941184387899369, 35.955067296564913 ], [ -81.906065329243177, 35.892106896141406 ], [ -81.90609593721166, 35.848089965280344 ], [ -81.932822571198258, 35.827693214958614 ], [ -81.975136515857557, 35.818374148964473 ], [ -81.98543655242176, 35.800048717340644 ], [ -81.86546079287163, 35.718949695377589 ], [ -81.816120275641751, 35.574478483613333 ] ] ] ] } },
{ "type": "Feature", "properties": { "NAME": "Randolph", "AREA": 0.201 }, "geometry": { "type": "MultiPolygon", "coordinates": [ [ [ [ -79.764765166307953, 35.506033246198896 ], [ -80.064189909942257, 35.505797290776179 ], [ -80.042383310587368, 35.916902802074084 ], [ -79.537584247713781, 35.891057780081155 ], [ -79.540750702625473, 35.837080881235046 ], [ -79.555125866373018, 35.513147112821265 ], [ -79.764765166307953, 35.506033246198896 ] ] ] ] } },
{ "type": "Feature", "properties": { "NAME": "Chatham", "AREA": 0.18 }, "geometry": { "type": "MultiPolygon", "coordinates": [ [ [ [ -79.555125866373018, 35.513147112821265 ], [ -79.540750702625473, 35.837080881235046 ], [ -79.237747636276566, 35.837335858211745 ], [ -79.245949392314799, 35.868241943342184 ], [ -79.095119311748107, 35.85403216713177 ], [ -79.01788457168594, 35.857953438415421 ], [ -78.905461990225973, 35.860604364788735 ], [ -78.944182640136077, 35.770205538703856 ], [ -78.938635927974488, 35.761534892461988 ], [ -78.998559526999529, 35.601416305973217 ], [ -78.920821322457044, 35.57895184515823 ], [ -78.974236536617681, 35.517250478901971 ], [ -79.038249010184387, 35.549556627118562 ], [ -79.067043072355901, 35.598799618060198 ], [ -79.132360235051308, 35.62470865399947 ], [ -79.194000147918416, 35.575225524201969 ], [ -79.209488357617431, 35.553547069432476 ], [ -79.220261399742569, 35.550895930267586 ], [ -79.226891502098212, 35.565460163093462 ], [ -79.275850927770207, 35.530373386664962 ], [ -79.285891475280991, 35.544502759033506 ], [ -79.305125771489983, 35.542801476964371 ], [ -79.314769631420475, 35.539227197289996 ], [ -79.31261811304347, 35.526963189964356 ], [ -79.331310715063523, 35.522076699143994 ], [ -79.342709413467617, 35.510339136652888 ], [ -79.555125866373018, 35.513147112821265 ] ] ] ] } },
{ "type": "Feature", "properties": { "NAME": "Wilson", "AREA": 0.094 }, "geometry": { "type": "MultiPolygon", "coordinates": [ [ [ [ -78.065051805836831, 35.58213135234211 ], [ -78.124623879859826, 35.597611217902781 ], [ -78.162168980715364, 35.683074060242383 ], [ -78.16152800131934, 35.709383498600225 ], [ -78.186652309848284, 35.725202789365738 ], [ -77.872761384327433, 35.844794253219803 ], [ -77.844638609915634, 35.835661981812152 ], [ -77.829859953269946, 35.854582470664369 ], [ -77.766846923153452, 35.836951137857739 ], [ -77.754715859072178, 35.824923606552595 ], [ -77.757203214447543, 35.798190744769144 ], [ -77.732857285728358, 35.739636250191062 ], [ -77.670927853967157, 35.670354958158505 ], [ -77.698035977357847, 35.654089481822687 ], [ -77.826007994171178, 35.57434896776347 ], [ -77.826893000153206, 35.582992898634153 ], [ -78.001855627108483, 35.576088847678562 ], [ -78.060206948931906, 35.594761548132553 ], [ -78.065051805836831, 35.58213135234211 ] ] ] ] } },
{ "type": "Feature", "properties": { "NAME": "Rowan", "AREA": 0.134 }, "geometry": { "type": "MultiPolygon", "coordinates": [ [ [ [ -80.298030404638979, 35.494998516460512 ], [ -80.726319545004856, 35.507667592303953 ], [ -80.76592451934701, 35.682133144168496 ], [ -80.705772105260948, 35.851750202974578 ], [ -80.634740286335585, 35.840351993404212 ], [ -80.607357592953051, 35.822350745331143 ], [ -80.572123987442026, 35.81390511271367 ], [ -80.526521776669242, 35.781900357263744 ], [ -80.488488092519546, 35.775709161336216 ], [ -80.45656580225976, 35.745890208946854 ], [ -80.377049902914692, 35.710780296050395 ], [ -80.326076345418201, 35.714106557266589 ], [ -80.325382130098987, 35.683250084814169 ], [ -80.285570850050817, 35.637070213745574 ], [ -80.251008665733707, 35.624897698203171 ], [ -80.2090000656993, 35.574609481506947 ], [ -80.181693810847349, 35.505217678578298 ], [ -80.298030404638979, 35.494998516460512 ] ] ] ] } },
{ "type": "Feature", "properties": { "NAME": "Pitt", "AREA": 0.168 }, "geometry": { "type": "MultiPolygon", "coordinates": [ [ [ [ -77.473588470766643, 35.421622203417762 ], [ -77.504266966022229, 35.484925880679512 ], [ -77.503641266891393, 35.503983717055803 ], [ -77.520754472652925, 35.516598705259121 ], [ -77.523134866061355, 35.530270307306395 ], [ -77.549281612126478, 35.525818710191778 ], [ -77.564350101704179, 35.532032762130655 ], [ -77.633840537253349, 35.58791711028293 ], [ -77.698035977357847, 35.654089481822687 ], [ -77.670927853967157, 35.670354958158505 ], [ -77.505219630584506, 35.7668415736497 ], [ -77.472938555758915, 35.799746417130784 ], [ -77.454413842812585, 35.793902371305578 ], [ -77.426695353535791, 35.80828342515283 ], [ -77.418279822651712, 35.822172441065518 ], [ -77.405393400428395, 35.817350727358573 ], [ -77.396504842800752, 35.828504658574438 ], [ -77.357799793536898, 35.815397522230242 ], [ -77.264199652019471, 35.78286619585824 ], [ -77.260514632307874, 35.759177389226572 ], [ -77.207359036889443, 35.755213863340217 ], [ -77.178152913146519, 35.732280287998222 ], [ -77.177115351761856, 35.714549927901849 ], [ -77.191932095917352, 35.712181086100955 ], [ -77.195212881901924, 35.700001010607799 ], [ -77.17513179474912, 35.676373199892048 ], [ -77.186904354293873, 35.664395321663321 ], [ -77.174376617665942, 35.635499541197781 ], [ -77.151747204799705, 35.619973979750917 ], [ -77.148039289863675, 35.598093310041364 ], [ -77.119084905663911, 35.585588912342132 ], [ -77.103459566085178, 35.550276937932693 ], [ -77.147093408277726, 35.547679293153145 ], [ -77.171905060750774, 35.519214665643432 ], [ -77.194656968821874, 35.423048177129928 ], [ -77.210900544941993, 35.395735548751489 ], [ -77.24024414448327, 35.380080428251361 ], [ -77.243998016732064, 35.354285988489252 ], [ -77.263888466231975, 35.350208211380775 ], [ -77.29349895518024, 35.37404583512599 ], [ -77.353918148267965, 35.323651063898403 ], [ -77.385863370251911, 35.329357811523103 ], [ -77.401191238835011, 35.342865412215815 ], [ -77.443650063311807, 35.354690833248441 ], [ -77.473588470766643, 35.421622203417762 ] ] ] ] } },
{ "type": "Feature", "properties": { "NAME": "Catawba", "AREA": 0.106 }, "geometry": { "type": "MultiPolygon", "coordinates": [ [ [ [ -80.961243343698513, 35.543662724880143 ], [ -81.523470632140629, 35.561359594870389 ], [ -81.4955232044003, 35.606646730681952 ], [ -81.405546791644795, 35.697606239511074 ], [ -81.376477788332437, 35.750129721177515 ], [ -81.327953245658904, 35.79515363154281 ], [ -81.141218003843463, 35.823412069286185 ], [ -81.127095639914401, 35.789061375364739 ], [ -81.108700643697418, 35.771994728411805 ], [ -81.072017452987282, 35.743743582663377 ], [ -81.054591451198888, 35.713497421146052 ], [ -81.00338905002711, 35.697151688327921 ], [ -80.931083242026858, 35.61968806425584 ], [ -80.961243343698513, 35.543662724880143 ] ] ] ] } },
{ "type": "Feature", "properties": { "NAME": "Buncombe", "AREA": 0.168 }, "geometry": { "type": "MultiPolygon", "coordinates": [ [ [ [ -82.257952293330291, 35.463832184130553 ], [ -82.322727783344803, 35.495260918301497 ], [ -82.370817363535906, 35.478873369320929 ], [ -82.364690799472115, 35.463561477420271 ], [ -82.373541179827114, 35.457480984105409 ], [ -82.408919747410053, 35.469024066694146 ], [ -82.474778746466527, 35.444507583727038 ], [ -82.519373927173348, 35.444019365122379 ], [ -82.526759435124035, 35.428425208398394 ], [ -82.550991138311758, 35.426998569026189 ], [ -82.563793635196916, 35.438526364687831 ], [ -82.618543852250298, 35.437778762632433 ], [ -82.668845964823859, 35.455268852025903 ], [ -82.714021023972037, 35.439255129237395 ], [ -82.743753722593524, 35.418137428036253 ], [ -82.780749753096828, 35.441791926026475 ], [ -82.79458986125303, 35.465072566406391 ], [ -82.770495380377767, 35.532835452509836 ], [ -82.771899167729231, 35.571393638571458 ], [ -82.81320590345419, 35.61763451834689 ], [ -82.822971822607457, 35.62148729637309 ], [ -82.844731539059069, 35.613247738961626 ], [ -82.865392538102654, 35.635902796079712 ], [ -82.880979809155804, 35.673659934447286 ], [ -82.843136816794726, 35.691825120391741 ], [ -82.805492236011958, 35.685004535528236 ], [ -82.766169110203208, 35.694098549328515 ], [ -82.500406043349074, 35.79622329892112 ], [ -82.405668898293627, 35.814067987854109 ], [ -82.375104596986986, 35.816497864983809 ], [ -82.345249876551634, 35.805290467996606 ], [ -82.341702176080403, 35.76360427313319 ], [ -82.321697331298807, 35.739945963506926 ], [ -82.281428183542985, 35.720300611619926 ], [ -82.279055411195969, 35.697653200318648 ], [ -82.289035015080586, 35.671587904599377 ], [ -82.284091076085261, 35.639003404067971 ], [ -82.265192533945594, 35.612587130090532 ], [ -82.290522945745764, 35.589401896145581 ], [ -82.267855355922109, 35.568959315763145 ], [ -82.170554774217948, 35.528566177449036 ], [ -82.222756718832571, 35.515794894592929 ], [ -82.22744900194445, 35.483023499004389 ], [ -82.240007398402554, 35.468257120846808 ], [ -82.257952293330291, 35.463832184130553 ] ] ] ] } },
{ "type": "Feature", "properties": { "NAME": "Johnston", "AREA": 0.207 }, "geometry": { "type": "MultiPolygon", "coordinates": [ [ [ [ -78.538478667812015, 35.315215885227445 ], [ -78.539203413085588, 35.336562490985202 ], [ -78.600560654991554, 35.403127719621814 ], [ -78.622915321386174, 35.446511430272722 ], [ -78.688484138893486, 35.507621774545918 ], [ -78.708710259294392, 35.514198222264547 ], [ -78.702957501675044, 35.520034578041681 ], [ -78.477371735428449, 35.695704980075035 ], [ -78.254273388380582, 35.815613284471702 ], [ -78.2337728181313, 35.745881958014671 ], [ -78.21127307268668, 35.738283181345238 ], [ -78.205344896113516, 35.725485114070963 ], [ -78.186652309848284, 35.725202789365738 ], [ -78.16152800131934, 35.709383498600225 ], [ -78.162168980715364, 35.683074060242383 ], [ -78.124623879859826, 35.597611217902781 ], [ -78.065051805836831, 35.58213135234211 ], [ -78.145697486495777, 35.429089003821808 ], [ -78.156615748335781, 35.350729131504274 ], [ -78.177185258274207, 35.339697301887554 ], [ -78.208764283078565, 35.339273950820143 ], [ -78.236955834822993, 35.314730760512788 ], [ -78.267893960333396, 35.317458282143612 ], [ -78.309857028405588, 35.280384102901984 ], [ -78.416412491209726, 35.24917695059748 ], [ -78.493357237536586, 35.259720723216276 ], [ -78.538478667812015, 35.315215885227445 ] ] ] ] } },
{ "type": "Feature", "properties": { "NAME": "Haywood", "AREA": 0.144 }, "geometry": { "type": "MultiPolygon", "coordinates": [ [ [ [ -82.743753722593524, 35.418137428036253 ], [ -82.833104471883857, 35.315676853392077 ], [ -82.9189836094274, 35.290874294670203 ], [ -82.953492390656095, 35.308635196695285 ], [ -82.985231569996856, 35.356428592347527 ], [ -83.038471066288338, 35.390035444541937 ], [ -83.045917557419003, 35.40709824537479 ], [ -83.087590529275943, 35.446430832398562 ], [ -83.128111472721059, 35.456718903847012 ], [ -83.142249132871584, 35.484496981250501 ], [ -83.181274643103393, 35.512511591699344 ], [ -83.156897918336881, 35.55176401140406 ], [ -83.180252166212767, 35.58292185691478 ], [ -83.177978475206444, 35.62339116818768 ], [ -83.195007786139499, 35.637917262691403 ], [ -83.184173673863469, 35.663177673801727 ], [ -83.215134676956524, 35.685497055087126 ], [ -83.259005039034491, 35.691108407242062 ], [ -83.253183617083423, 35.700805169540715 ], [ -83.243730479602533, 35.718314273659402 ], [ -83.185226462518244, 35.728983711894138 ], [ -83.143538113404148, 35.76278121969959 ], [ -83.118062777611115, 35.763906506989059 ], [ -83.059833413117559, 35.782674387243283 ], [ -82.986878906091533, 35.774087595679909 ], [ -82.96262428400702, 35.791947630754684 ], [ -82.942916991236686, 35.766561299190137 ], [ -82.95205733215542, 35.739096030905927 ], [ -82.907408757279072, 35.727945843099469 ], [ -82.880979809155804, 35.673659934447286 ], [ -82.865392538102654, 35.635902796079712 ], [ -82.844731539059069, 35.613247738961626 ], [ -82.822971822607457, 35.62148729637309 ], [ -82.81320590345419, 35.61763451834689 ], [ -82.771899167729231, 35.571393638571458 ], [ -82.770495380377767, 35.532835452509836 ], [ -82.79458986125303, 35.465072566406391 ], [ -82.780749753096828, 35.441791926026475 ], [ -82.743753722593524, 35.418137428036253 ] ] ] ] } },
{ "type": "Feature", "properties": { "NAME": "Dare", "AREA": 0.094 }, "geometry": { "type": "MultiPolygon", "coordinates": [ [ [ [ -75.78282179959136, 36.225266824134941 ], [ -75.772804080980933, 36.229329369283668 ], [ -75.54461155334009, 35.788442267682441 ], [ -75.702383425863943, 36.049938870293161 ], [ -75.740516297504584, 36.05040055156568 ], [ -75.78282179959136, 36.225266824134941 ] ] ], [ [ [ -75.891149835661196, 35.631353396866253 ], [ -75.907683086603441, 35.665723169984311 ], [ -76.020868568676605, 35.669179538063013 ], [ -75.987510885572476, 35.89278870608851 ], [ -75.817705788129572, 35.923598917185416 ], [ -75.748612131388526, 35.869419644835538 ], [ -75.729020147121943, 35.665257271111514 ], [ -75.778704643363085, 35.578772356487136 ], [ -75.891149835661196, 35.631353396866253 ] ] ], [ [ [ -75.490861367188941, 35.670581781332537 ], [ -75.533266387004645, 35.76893807809806 ], [ -75.456619845862875, 35.617482171928451 ], [ -75.52594432888263, 35.228009850416449 ], [ -75.748943145965868, 35.189921547342955 ], [ -75.691217216543009, 35.235082630524737 ], [ -75.521129803462031, 35.281448807528136 ], [ -75.475060884855736, 35.564581084277393 ], [ -75.490861367188941, 35.670581781332537 ] ] ] ] } },
{ "type": "Feature", "properties": { "NAME": "Beaufort", "AREA": 0.203 }, "geometry": { "type": "MultiPolygon", "coordinates": [ [ [ [ -77.103459566085178, 35.550276937932693 ], [ -77.119084905663911, 35.585588912342132 ], [ -77.148039289863675, 35.598093310041364 ], [ -77.151747204799705, 35.619973979750917 ], [ -77.174376617665942, 35.635499541197781 ], [ -77.186904354293873, 35.664395321663321 ], [ -77.17513179474912, 35.676373199892048 ], [ -77.195212881901924, 35.700001010607799 ], [ -77.191932095917352, 35.712181086100955 ], [ -77.177115351761856, 35.714549927901849 ], [ -77.178152913146519, 35.732280287998222 ], [ -77.160978605702169, 35.736865418533625 ], [ -76.979599827512729, 35.650215846319611 ], [ -76.837993744185624, 35.705542731229968 ], [ -76.633496878306602, 35.703089387223521 ], [ -76.608593934879153, 35.664241226419037 ], [ -76.607625089542069, 35.635154745217605 ], [ -76.585552684583277, 35.60954332760052 ], [ -76.539271435823323, 35.594124509766061 ], [ -76.518618104893662, 35.577733033240058 ], [ -76.49221211526185, 35.54187553860536 ], [ -76.63787701626137, 35.52042632564067 ], [ -76.628447127513752, 35.437988570050059 ], [ -76.705056300214139, 35.412026479250379 ], [ -77.103459566085178, 35.550276937932693 ] ] ], [ [ [ -76.614195641702693, 35.273013928389219 ], [ -76.63989235940295, 35.237343509179546 ], [ -76.85025645851475, 35.217263915630241 ], [ -76.897292965039426, 35.251668071153318 ], [ -77.194656968821874, 35.423048177129928 ], [ -77.171905060750774, 35.519214665643432 ], [ -77.147093408277726, 35.547679293153145 ], [ -77.103459566085178, 35.550276937932693 ], [ -76.982873763203131, 35.436593348400478 ], [ -76.694581066934674, 35.350519546069052 ], [ -76.614195641702693, 35.273013928389219 ] ] ] ] } },
{ "type": "Feature", "properties": { "NAME": "Swain", "AREA": 0.141 }, "geometry": { "type": "MultiPolygon", "coordinates": [ [ [ [ -83.33170069060364, 35.319450025223148 ], [ -83.424568535814984, 35.315425690910459 ], [ -83.473115895559189, 35.291752211562667 ], [ -83.679085374385323, 35.272328359116955 ], [ -83.689980463718314, 35.287888198543392 ], [ -83.689278511221303, 35.308349813565123 ], [ -83.63410863218779, 35.334140404097674 ], [ -83.598775783584387, 35.362471549363605 ], [ -83.580273881481247, 35.40118992001284 ], [ -83.586606437570794, 35.427793083321617 ], [ -83.632216347620329, 35.436845217102444 ], [ -83.653503033339106, 35.421201480359805 ], [ -83.744852555104956, 35.441506781574759 ], [ -83.854887054787881, 35.450230910922386 ], [ -83.879790149469599, 35.462132546031043 ], [ -83.929977866008812, 35.449120918649193 ], [ -83.954606301046411, 35.455563831828144 ], [ -83.909911907623709, 35.476582351789894 ], [ -83.881125274252994, 35.51068884756333 ], [ -83.830098302826428, 35.51916489129961 ], [ -83.775775299047865, 35.552706803332732 ], [ -83.672767656320872, 35.565073713708507 ], [ -83.613752463772755, 35.571840798180233 ], [ -83.560924932445033, 35.555277667140608 ], [ -83.505686409909941, 35.559652986145764 ], [ -83.458176654800099, 35.597379541427408 ], [ -83.386976912669851, 35.62531775809353 ], [ -83.342908131760751, 35.653358996036097 ], [ -83.298297683110746, 35.656425907951594 ], [ -83.259005039034491, 35.691108407242062 ], [ -83.215134676956524, 35.685497055087126 ], [ -83.184173673863469, 35.663177673801727 ], [ -83.195007786139499, 35.637917262691403 ], [ -83.177978475206444, 35.62339116818768 ], [ -83.180252166212767, 35.58292185691478 ], [ -83.156897918336881, 35.55176401140406 ], [ -83.181274643103393, 35.512511591699344 ], [ -83.226541231175531, 35.513556843124455 ], [ -83.247187017241714, 35.507091082268715 ], [ -83.309742410049367, 35.463577771992526 ], [ -83.352910861987993, 35.456001978643414 ], [ -83.364599514729832, 35.413434647659578 ], [ -83.329694034016569, 35.364016218740637 ], [ -83.33170069060364, 35.319450025223148 ] ] ] ] } },
{ "type": "Feature", "properties": { "NAME": "Greene", "AREA": 0.07 }, "geometry": { "type": "MultiPolygon", "coordinates": [ [ [ [ -77.804897559856883, 35.364686004113942 ], [ -77.803821651273509, 35.401893791127627 ], [ -77.83029637748723, 35.423721102402233 ], [ -77.826007994171178, 35.57434896776347 ], [ -77.698035977357847, 35.654089481822687 ], [ -77.633840537253349, 35.58791711028293 ], [ -77.564350101704179, 35.532032762130655 ], [ -77.549281612126478, 35.525818710191778 ], [ -77.523134866061355, 35.530270307306395 ], [ -77.520754472652925, 35.516598705259121 ], [ -77.503641266891393, 35.503983717055803 ], [ -77.504266966022229, 35.484925880679512 ], [ -77.473588470766643, 35.421622203417762 ], [ -77.494379253282318, 35.407538682024253 ], [ -77.534678900481865, 35.41791835791458 ], [ -77.536883919992846, 35.402076251831964 ], [ -77.558430059724543, 35.381183638295006 ], [ -77.621511860415239, 35.366581431477272 ], [ -77.665763787340239, 35.339768585678392 ], [ -77.684181682128582, 35.346036047627955 ], [ -77.698128553387946, 35.369915592020192 ], [ -77.760409219261263, 35.362034738831461 ], [ -77.804897559856883, 35.364686004113942 ] ] ] ] } },
{ "type": "Feature", "properties": { "NAME": "Lee", "AREA": 0.065 }, "geometry": { "type": "MultiPolygon", "coordinates": [ [ [ [ -79.182197931110338, 35.304639298591106 ], [ -79.264078967473878, 35.344670068951558 ], [ -79.284488076381848, 35.392905964040011 ], [ -79.302959356197647, 35.40890451291456 ], [ -79.324345183390591, 35.414927838948564 ], [ -79.33085316657403, 35.444918388054099 ], [ -79.362249007382786, 35.47051073183183 ], [ -79.343434283282818, 35.491739052430532 ], [ -79.342709413467617, 35.510339136652888 ], [ -79.331310715063523, 35.522076699143994 ], [ -79.31261811304347, 35.526963189964356 ], [ -79.314769631420475, 35.539227197289996 ], [ -79.305125771489983, 35.542801476964371 ], [ -79.285891475280991, 35.544502759033506 ], [ -79.275850927770207, 35.530373386664962 ], [ -79.226891502098212, 35.565460163093462 ], [ -79.220261399742569, 35.550895930267586 ], [ -79.209488357617431, 35.553547069432476 ], [ -79.194000147918416, 35.575225524201969 ], [ -79.132360235051308, 35.62470865399947 ], [ -79.067043072355901, 35.598799618060198 ], [ -79.038249010184387, 35.549556627118562 ], [ -78.974236536617681, 35.517250478901971 ], [ -79.182197931110338, 35.304639298591106 ] ] ] ] } },
{ "type": "Feature", "properties": { "NAME": "Rutherford", "AREA": 0.146 }, "geometry": { "type": "MultiPolygon", "coordinates": [ [ [ [ -81.97128479455337, 35.188389630841108 ], [ -81.964356977435088, 35.247531461465968 ], [ -82.05142614661176, 35.323232681192863 ], [ -82.083996998451866, 35.339460112108384 ], [ -82.122015342540408, 35.388722152733678 ], [ -82.154975321326518, 35.397205908142709 ], [ -82.258127905318887, 35.393460081315759 ], [ -82.278575231625794, 35.435745164254072 ], [ -82.274531498925469, 35.451709342866593 ], [ -82.257952293330291, 35.463832184130553 ], [ -82.240007398402554, 35.468257120846808 ], [ -82.22744900194445, 35.483023499004389 ], [ -82.222756718832571, 35.515794894592929 ], [ -82.170554774217948, 35.528566177449036 ], [ -82.116598057210155, 35.519105850374764 ], [ -82.036029158550392, 35.528688072428402 ], [ -82.001444017102287, 35.546075066836686 ], [ -81.966889476299201, 35.521688153593026 ], [ -81.861989692768745, 35.530648556773357 ], [ -81.840107904001584, 35.537343185901783 ], [ -81.831730515193613, 35.565163201391336 ], [ -81.816120275641751, 35.574478483613333 ], [ -81.765444260623525, 35.584323950208514 ], [ -81.749444892810999, 35.601810149564898 ], [ -81.700653428729211, 35.595710503473654 ], [ -81.695030442221835, 35.571735604917315 ], [ -81.684150604496011, 35.565536831403499 ], [ -81.697518153408112, 35.35336769780411 ], [ -81.737001681320422, 35.254279216630813 ], [ -81.759326040330393, 35.220805971964332 ], [ -81.765193301292001, 35.18257969291642 ], [ -81.870428755184022, 35.183224505015517 ], [ -81.97128479455337, 35.188389630841108 ] ] ] ] } },
{ "type": "Feature", "properties": { "NAME": "Wayne", "AREA": 0.142 }, "geometry": { "type": "MultiPolygon", "coordinates": [ [ [ [ -78.16291838776894, 35.182390060473246 ], [ -78.164902053764209, 35.193318943525412 ], [ -78.25712887959871, 35.22105142025206 ], [ -78.309857028405588, 35.280384102901984 ], [ -78.267893960333396, 35.317458282143612 ], [ -78.236955834822993, 35.314730760512788 ], [ -78.208764283078565, 35.339273950820143 ], [ -78.177185258274207, 35.339697301887554 ], [ -78.156615748335781, 35.350729131504274 ], [ -78.145697486495777, 35.429089003821808 ], [ -78.065051805836831, 35.58213135234211 ], [ -78.060206948931906, 35.594761548132553 ], [ -78.001855627108483, 35.576088847678562 ], [ -77.826893000153206, 35.582992898634153 ], [ -77.826007994171178, 35.57434896776347 ], [ -77.83029637748723, 35.423721102402233 ], [ -77.803821651273509, 35.401893791127627 ], [ -77.804897559856883, 35.364686004113942 ], [ -77.829777848898772, 35.342446837774276 ], [ -77.836294145808409, 35.171841890832916 ], [ -77.887389806745659, 35.15506532451959 ], [ -77.893875025770569, 35.144281417450443 ], [ -77.913696738594822, 35.160073977962348 ], [ -77.944413583057823, 35.168332695294247 ], [ -77.963647883857448, 35.164125217186111 ], [ -78.001879861445147, 35.186578142175541 ], [ -78.036228439394904, 35.185792410070881 ], [ -78.087255429330838, 35.170286107984232 ], [ -78.16291838776894, 35.182390060473246 ] ] ] ] } },
{ "type": "Feature", "properties": { "NAME": "Harnett", "AREA": 0.154 }, "geometry": { "type": "MultiPolygon", "coordinates": [ [ [ [ -78.612478643957147, 35.243932278691723 ], [ -78.715806622472059, 35.260079777489921 ], [ -78.812130660398267, 35.258821157650232 ], [ -78.874319796262313, 35.242635864509815 ], [ -78.885764275032685, 35.23003620588436 ], [ -78.912330657395856, 35.22256723973841 ], [ -79.095647791094507, 35.190067074652191 ], [ -79.146590737809063, 35.213145614253548 ], [ -79.168853919675811, 35.236002848744 ], [ -79.216409294981958, 35.265379317094002 ], [ -79.182197931110338, 35.304639298591106 ], [ -78.974236536617681, 35.517250478901971 ], [ -78.920821322457044, 35.57895184515823 ], [ -78.702957501675044, 35.520034578041681 ], [ -78.708710259294392, 35.514198222264547 ], [ -78.688484138893486, 35.507621774545918 ], [ -78.622915321386174, 35.446511430272722 ], [ -78.600560654991554, 35.403127719621814 ], [ -78.539203413085588, 35.336562490985202 ], [ -78.538478667812015, 35.315215885227445 ], [ -78.580151779716488, 35.286675002660623 ], [ -78.612478643957147, 35.243932278691723 ] ] ] ] } },
{ "type": "Feature", "properties": { "NAME": "Cleveland", "AREA": 0.118 }, "geometry": { "type": "MultiPolygon", "coordinates": [ [ [ [ -81.322644421950841, 35.163864551861799 ], [ -81.361998042451887, 35.162960545143889 ], [ -81.765193301292001, 35.18257969291642 ], [ -81.759326040330393, 35.220805971964332 ], [ -81.737001681320422, 35.254279216630813 ], [ -81.697518153408112, 35.35336769780411 ], [ -81.684150604496011, 35.565536831403499 ], [ -81.643736486424217, 35.553398652573051 ], [ -81.587940993661192, 35.561874660538599 ], [ -81.562366491974828, 35.555408842543279 ], [ -81.523470632140629, 35.561359594870389 ], [ -81.506784665965768, 35.546596989920261 ], [ -81.515329903900266, 35.52152350313272 ], [ -81.444901036782255, 35.413470480938805 ], [ -81.407241308211354, 35.359909357489023 ], [ -81.353086279397402, 35.327404910334586 ], [ -81.364622313798023, 35.310475649189833 ], [ -81.352170838056082, 35.275209482145442 ], [ -81.319249026149976, 35.260603259841048 ], [ -81.311245705622781, 35.188056840967661 ], [ -81.322644421950841, 35.163864551861799 ] ] ] ] } },
{ "type": "Feature", "properties": { "NAME": "Lincoln", "AREA": 0.078 }, "geometry": { "type": "MultiPolygon", "coordinates": [ [ [ [ -80.956581984495699, 35.397555151634243 ], [ -81.444901036782255, 35.413470480938805 ], [ -81.515329903900266, 35.52152350313272 ], [ -81.506784665965768, 35.546596989920261 ], [ -81.523470632140629, 35.561359594870389 ], [ -80.961243343698513, 35.543662724880143 ], [ -80.950882343513427, 35.52876661661513 ], [ -80.955154981504691, 35.509220510007282 ], [ -80.942009268756721, 35.451230638751539 ], [ -80.95367500560657, 35.436159095219537 ], [ -80.956581984495699, 35.397555151634243 ] ] ] ] } },
{ "type": "Feature", "properties": { "NAME": "Jackson", "AREA": 0.125 }, "geometry": { "type": "MultiPolygon", "coordinates": [ [ [ [ -83.106161722957111, 35.000391347578052 ], [ -83.161377250798864, 35.059334864829886 ], [ -83.14493536696628, 35.083397453971138 ], [ -83.148078761577281, 35.091492075203099 ], [ -83.177025540047183, 35.111606582203628 ], [ -83.193360532571191, 35.139327424899847 ], [ -83.217813461415986, 35.159102427918313 ], [ -83.21991914522674, 35.222634894321942 ], [ -83.232660612311264, 35.230916443372045 ], [ -83.263820027590526, 35.221879643249011 ], [ -83.284862535417687, 35.226743302224243 ], [ -83.310520927396965, 35.260094536421484 ], [ -83.33170069060364, 35.319450025223148 ], [ -83.329694034016569, 35.364016218740637 ], [ -83.364599514729832, 35.413434647659578 ], [ -83.352910861987993, 35.456001978643414 ], [ -83.309742410049367, 35.463577771992526 ], [ -83.247187017241714, 35.507091082268715 ], [ -83.226541231175531, 35.513556843124455 ], [ -83.181274643103393, 35.512511591699344 ], [ -83.142249132871584, 35.484496981250501 ], [ -83.128111472721059, 35.456718903847012 ], [ -83.087590529275943, 35.446430832398562 ], [ -83.045917557419003, 35.40709824537479 ], [ -83.038471066288338, 35.390035444541937 ], [ -82.985231569996856, 35.356428592347527 ], [ -82.953492390656095, 35.308635196695285 ], [ -82.9189836094274, 35.290874294670203 ], [ -82.926727782074835, 35.228013204089308 ], [ -82.978586431168424, 35.185838840513505 ], [ -82.990458175433929, 35.158285867619504 ], [ -82.981951187946805, 35.127616332067269 ], [ -83.051960752035228, 35.063588051643762 ], [ -83.043728419410826, 35.040181552514646 ], [ -83.007152008548019, 35.02431652255077 ], [ -83.106161722957111, 35.000391347578052 ] ] ] ] } },
{ "type": "Feature", "properties": { "NAME": "Moore", "AREA": 0.181 }, "geometry": { "type": "MultiPolygon", "coordinates": [ [ [ [ -79.607237229816121, 35.159291747332233 ], [ -79.64814720221186, 35.189835467214657 ], [ -79.708009006175715, 35.278517817442079 ], [ -79.764765166307953, 35.506033246198896 ], [ -79.555125866373018, 35.513147112821265 ], [ -79.342709413467617, 35.510339136652888 ], [ -79.343434283282818, 35.491739052430532 ], [ -79.362249007382786, 35.47051073183183 ], [ -79.33085316657403, 35.444918388054099 ], [ -79.324345183390591, 35.414927838948564 ], [ -79.302959356197647, 35.40890451291456 ], [ -79.284488076381848, 35.392905964040011 ], [ -79.264078967473878, 35.344670068951558 ], [ -79.182197931110338, 35.304639298591106 ], [ -79.216409294981958, 35.265379317094002 ], [ -79.168853919675811, 35.236002848744 ], [ -79.146590737809063, 35.213145614253548 ], [ -79.095647791094507, 35.190067074652191 ], [ -79.096929607984535, 35.176910461651318 ], [ -79.121756432237035, 35.170288336199611 ], [ -79.147033374478553, 35.173652879820523 ], [ -79.235048657407603, 35.203311707659758 ], [ -79.349813682778361, 35.14090097955777 ], [ -79.455125713613867, 35.037464034072471 ], [ -79.494830216919368, 35.062613877976801 ], [ -79.552670409576024, 35.064212313330856 ], [ -79.573964670897851, 35.073371248792192 ], [ -79.575398911196999, 35.119230576409478 ], [ -79.607237229816121, 35.159291747332233 ] ] ] ] } },
{ "type": "Feature", "properties": { "NAME": "Mecklenburg", "AREA": 0.143 }, "geometry": { "type": "MultiPolygon", "coordinates": [ [ [ [ -81.049114677411382, 35.151638290786522 ], [ -81.023776690818991, 35.149139677216098 ], [ -81.007090663249286, 35.16335673115033 ], [ -81.001330219236038, 35.196093771747186 ], [ -81.013865572961336, 35.250005788103927 ], [ -80.979455758885592, 35.33337040770737 ], [ -80.926086476235866, 35.348777569458875 ], [ -80.937569027991174, 35.365027864348647 ], [ -80.982736415401689, 35.369197313854301 ], [ -80.956581984495699, 35.397555151634243 ], [ -80.95367500560657, 35.436159095219537 ], [ -80.942009268756721, 35.451230638751539 ], [ -80.955154981504691, 35.509220510007282 ], [ -80.776034204272179, 35.506908563866034 ], [ -80.775187381566994, 35.479672176503747 ], [ -80.761492234090369, 35.465237633186483 ], [ -80.745241236265969, 35.419958072939991 ], [ -80.76254527886617, 35.400782009770872 ], [ -80.689789293608897, 35.340861855527457 ], [ -80.659248079974645, 35.264779238447538 ], [ -80.539440186321542, 35.205923297840471 ], [ -80.759486670879525, 35.036730122878886 ], [ -80.797024454995977, 35.028307509352494 ], [ -80.83997168599943, 35.00212786406005 ], [ -80.894523383543046, 35.059843100994961 ], [ -80.927605349959336, 35.101357630352688 ], [ -81.039699977793575, 35.037310385160069 ], [ -81.065365976718326, 35.066591423681949 ], [ -81.028255381790601, 35.105515719636017 ], [ -81.048855314594661, 35.132118892662255 ], [ -81.049114677411382, 35.151638290786522 ] ] ] ] } },
{ "type": "Feature", "properties": { "NAME": "Cabarrus", "AREA": 0.091 }, "geometry": { "type": "MultiPolygon", "coordinates": [ [ [ [ -80.50274172639898, 35.187017990637223 ], [ -80.539440186321542, 35.205923297840471 ], [ -80.659248079974645, 35.264779238447538 ], [ -80.689789293608897, 35.340861855527457 ], [ -80.76254527886617, 35.400782009770872 ], [ -80.745241236265969, 35.419958072939991 ], [ -80.761492234090369, 35.465237633186483 ], [ -80.775187381566994, 35.479672176503747 ], [ -80.776034204272179, 35.506908563866034 ], [ -80.726319545004856, 35.507667592303953 ], [ -80.298030404638979, 35.494998516460512 ], [ -80.378263855112777, 35.384939254933968 ], [ -80.481516044395377, 35.210714360758836 ], [ -80.50274172639898, 35.187017990637223 ] ] ] ] } },
{ "type": "Feature", "properties": { "NAME": "Montgomery", "AREA": 0.13 }, "geometry": { "type": "MultiPolygon", "coordinates": [ [ [ [ -80.071194855823464, 35.150847039682425 ], [ -80.058850049714437, 35.17718313680529 ], [ -80.065625076530154, 35.208047220669926 ], [ -80.092130278236013, 35.254330027743137 ], [ -80.093297512422254, 35.291549260110614 ], [ -80.050533251030359, 35.366472108089752 ], [ -80.051670037527273, 35.376908907523642 ], [ -80.116094378972235, 35.464458350014525 ], [ -80.161856858924764, 35.474841826162539 ], [ -80.181693810847349, 35.505217678578298 ], [ -80.064189909942257, 35.505797290776179 ], [ -79.764765166307953, 35.506033246198896 ], [ -79.708009006175715, 35.278517817442079 ], [ -79.64814720221186, 35.189835467214657 ], [ -79.607237229816121, 35.159291747332233 ], [ -79.637069085058187, 35.153939895786912 ], [ -79.697724563405714, 35.173177125905404 ], [ -79.759616111514632, 35.16741716936329 ], [ -79.836095472486718, 35.173905975553787 ], [ -79.909240753833174, 35.155824823010079 ], [ -79.975603261138474, 35.150862126379465 ], [ -80.010463062407524, 35.137247819972195 ], [ -80.064961488165949, 35.136687168929654 ], [ -80.071194855823464, 35.150847039682425 ] ] ] ] } },
{ "type": "Feature", "properties": { "NAME": "Stanly", "AREA": 0.103 }, "geometry": { "type": "MultiPolygon", "coordinates": [ [ [ [ -80.071194855823464, 35.150847039682425 ], [ -80.110060061581592, 35.193940843441126 ], [ -80.131400188026348, 35.171221018678068 ], [ -80.154472166936586, 35.176187691549067 ], [ -80.158927924906806, 35.15484491438275 ], [ -80.167915638490456, 35.149836337531113 ], [ -80.189888916816173, 35.167963438422035 ], [ -80.219675003019802, 35.159289050374689 ], [ -80.24737806135839, 35.204629644076448 ], [ -80.26088250258573, 35.204145211129699 ], [ -80.274913414997044, 35.193216355604548 ], [ -80.325467373181439, 35.174021286890472 ], [ -80.348516484778202, 35.170778901554705 ], [ -80.372740532456262, 35.177969497258339 ], [ -80.398543964767441, 35.164717559762984 ], [ -80.428375796590942, 35.168700071207056 ], [ -80.453080548682024, 35.160891590874108 ], [ -80.483026779782278, 35.183016423532706 ], [ -80.50274172639898, 35.187017990637223 ], [ -80.481516044395377, 35.210714360758836 ], [ -80.378263855112777, 35.384939254933968 ], [ -80.298030404638979, 35.494998516460512 ], [ -80.181693810847349, 35.505217678578298 ], [ -80.161856858924764, 35.474841826162539 ], [ -80.116094378972235, 35.464458350014525 ], [ -80.051670037527273, 35.376908907523642 ], [ -80.050533251030359, 35.366472108089752 ], [ -80.093297512422254, 35.291549260110614 ], [ -80.092130278236013, 35.254330027743137 ], [ -80.065625076530154, 35.208047220669926 ], [ -80.058850049714437, 35.17718313680529 ], [ -80.071194855823464, 35.150847039682425 ] ] ] ] } },
{ "type": "Feature", "properties": { "NAME": "Henderson", "AREA": 0.095 }, "geometry": { "type": "MultiPolygon", "coordinates": [ [ [ [ -82.569890206969959, 35.149599519240262 ], [ -82.589086290226589, 35.185056414435621 ], [ -82.596097820097597, 35.242573235532085 ], [ -82.610471996716001, 35.267684885472605 ], [ -82.607961805454678, 35.293170349780766 ], [ -82.743753722593524, 35.418137428036253 ], [ -82.714021023972037, 35.439255129237395 ], [ -82.668845964823859, 35.455268852025903 ], [ -82.618543852250298, 35.437778762632433 ], [ -82.563793635196916, 35.438526364687831 ], [ -82.550991138311758, 35.426998569026189 ], [ -82.526759435124035, 35.428425208398394 ], [ -82.519373927173348, 35.444019365122379 ], [ -82.474778746466527, 35.444507583727038 ], [ -82.408919747410053, 35.469024066694146 ], [ -82.373541179827114, 35.457480984105409 ], [ -82.364690799472115, 35.463561477420271 ], [ -82.370817363535906, 35.478873369320929 ], [ -82.322727783344803, 35.495260918301497 ], [ -82.257952293330291, 35.463832184130553 ], [ -82.274531498925469, 35.451709342866593 ], [ -82.278575231625794, 35.435745164254072 ], [ -82.258127905318887, 35.393460081315759 ], [ -82.315411308998137, 35.309721633349625 ], [ -82.341161348106567, 35.285601830513428 ], [ -82.344938090520245, 35.243297715841628 ], [ -82.357885569852229, 35.243038337503073 ], [ -82.350713809956858, 35.192780734174079 ], [ -82.359976195732429, 35.183057284152511 ], [ -82.371229897317534, 35.182832235287954 ], [ -82.389464662527558, 35.208348237308378 ], [ -82.437775535375309, 35.169668068611095 ], [ -82.466600262714181, 35.17360860306183 ], [ -82.524493912282978, 35.154669093522159 ], [ -82.569890206969959, 35.149599519240262 ] ] ] ] } },
{ "type": "Feature", "properties": { "NAME": "Graham", "AREA": 0.078 }, "geometry": { "type": "MultiPolygon", "coordinates": [ [ [ [ -83.695527251742107, 35.250916919193905 ], [ -83.753459038427394, 35.237275893584247 ], [ -83.791775018178654, 35.248769371828367 ], [ -83.836759310349819, 35.246858285869095 ], [ -83.921555035562747, 35.219076489855929 ], [ -83.960801848705088, 35.215490780424858 ], [ -83.992106194033013, 35.23261081282498 ], [ -84.003794749974404, 35.262197003586394 ], [ -84.03076545141802, 35.292630053387242 ], [ -84.029109783471029, 35.325397629075916 ], [ -84.006213211019826, 35.372965912978465 ], [ -84.01255339141359, 35.40772854586131 ], [ -83.954606301046411, 35.455563831828144 ], [ -83.929977866008812, 35.449120918649193 ], [ -83.879790149469599, 35.462132546031043 ], [ -83.854887054787881, 35.450230910922386 ], [ -83.744852555104956, 35.441506781574759 ], [ -83.653503033339106, 35.421201480359805 ], [ -83.632216347620329, 35.436845217102444 ], [ -83.586606437570794, 35.427793083321617 ], [ -83.580273881481247, 35.40118992001284 ], [ -83.598775783584387, 35.362471549363605 ], [ -83.63410863218779, 35.334140404097674 ], [ -83.689278511221303, 35.308349813565123 ], [ -83.689980463718314, 35.287888198543392 ], [ -83.679085374385323, 35.272328359116955 ], [ -83.695527251742107, 35.250916919193905 ] ] ] ] } },
{ "type": "Feature", "properties": { "NAME": "Lenoir", "AREA": 0.104 }, "geometry": { "type": "MultiPolygon", "coordinates": [ [ [ [ -77.836294145808409, 35.171841890832916 ], [ -77.829777848898772, 35.342446837774276 ], [ -77.804897559856883, 35.364686004113942 ], [ -77.760409219261263, 35.362034738831461 ], [ -77.698128553387946, 35.369915592020192 ], [ -77.684181682128582, 35.346036047627955 ], [ -77.665763787340239, 35.339768585678392 ], [ -77.621511860415239, 35.366581431477272 ], [ -77.558430059724543, 35.381183638295006 ], [ -77.536883919992846, 35.402076251831964 ], [ -77.534678900481865, 35.41791835791458 ], [ -77.494379253282318, 35.407538682024253 ], [ -77.473588470766643, 35.421622203417762 ], [ -77.443650063311807, 35.354690833248441 ], [ -77.401191238835011, 35.342865412215815 ], [ -77.385863370251911, 35.329357811523103 ], [ -77.412856979061658, 35.331314777156379 ], [ -77.449914177981483, 35.302155927971484 ], [ -77.448212831175653, 35.28577214003289 ], [ -77.429352490782648, 35.259935687936746 ], [ -77.473802808005118, 35.227290299905754 ], [ -77.528018882098863, 35.23979474791674 ], [ -77.510478675429425, 35.155869311774786 ], [ -77.532764850189125, 35.144982449161958 ], [ -77.599203891090909, 35.070971417719626 ], [ -77.731639170484002, 35.0009391953256 ], [ -77.744502712749849, 35.002548993614148 ], [ -77.754711096665019, 35.018185128605801 ], [ -77.751315642553223, 35.095778230855224 ], [ -77.763851001849105, 35.128713660949948 ], [ -77.836294145808409, 35.171841890832916 ] ] ] ] } },
{ "type": "Feature", "properties": { "NAME": "Transylvania", "AREA": 0.098 }, "geometry": { "type": "MultiPolygon", "coordinates": [ [ [ [ -82.887565175300708, 35.055481817207067 ], [ -83.007152008548019, 35.02431652255077 ], [ -83.043728419410826, 35.040181552514646 ], [ -83.051960752035228, 35.063588051643762 ], [ -82.981951187946805, 35.127616332067269 ], [ -82.990458175433929, 35.158285867619504 ], [ -82.978586431168424, 35.185838840513505 ], [ -82.926727782074835, 35.228013204089308 ], [ -82.9189836094274, 35.290874294670203 ], [ -82.833104471883857, 35.315676853392077 ], [ -82.743753722593524, 35.418137428036253 ], [ -82.607961805454678, 35.293170349780766 ], [ -82.610471996716001, 35.267684885472605 ], [ -82.596097820097597, 35.242573235532085 ], [ -82.589086290226589, 35.185056414435621 ], [ -82.569890206969959, 35.149599519240262 ], [ -82.654357867972365, 35.119567131203517 ], [ -82.685914005370151, 35.12157365567316 ], [ -82.687897748016965, 35.097911585681615 ], [ -82.697221164077945, 35.091342825030722 ], [ -82.771213303762295, 35.085533245126193 ], [ -82.887565175300708, 35.055481817207067 ] ] ] ] } },
{ "type": "Feature", "properties": { "NAME": "Gaston", "AREA": 0.091 }, "geometry": { "type": "MultiPolygon", "coordinates": [ [ [ [ -81.322644421950841, 35.163864551861799 ], [ -81.311245705622781, 35.188056840967661 ], [ -81.319249026149976, 35.260603259841048 ], [ -81.352170838056082, 35.275209482145442 ], [ -81.364622313798023, 35.310475649189833 ], [ -81.353086279397402, 35.327404910334586 ], [ -81.407241308211354, 35.359909357489023 ], [ -81.444901036782255, 35.413470480938805 ], [ -80.956581984495699, 35.397555151634243 ], [ -80.982736415401689, 35.369197313854301 ], [ -80.937569027991174, 35.365027864348647 ], [ -80.926086476235866, 35.348777569458875 ], [ -80.979455758885592, 35.33337040770737 ], [ -81.013865572961336, 35.250005788103927 ], [ -81.001330219236038, 35.196093771747186 ], [ -81.007090663249286, 35.16335673115033 ], [ -81.023776690818991, 35.149139677216098 ], [ -81.049114677411382, 35.151638290786522 ], [ -81.322644421950841, 35.163864551861799 ] ] ] ] } },
{ "type": "Feature", "properties": { "NAME": "Polk", "AREA": 0.06 }, "geometry": { "type": "MultiPolygon", "coordinates": [ [ [ [ -82.21002347029652, 35.193234500692682 ], [ -82.278178932959378, 35.195115191818751 ], [ -82.320622572721987, 35.184296987195225 ], [ -82.350713809956858, 35.192780734174079 ], [ -82.357885569852229, 35.243038337503073 ], [ -82.344938090520245, 35.243297715841628 ], [ -82.341161348106567, 35.285601830513428 ], [ -82.315411308998137, 35.309721633349625 ], [ -82.258127905318887, 35.393460081315759 ], [ -82.154975321326518, 35.397205908142709 ], [ -82.122015342540408, 35.388722152733678 ], [ -82.083996998451866, 35.339460112108384 ], [ -82.05142614661176, 35.323232681192863 ], [ -81.964356977435088, 35.247531461465968 ], [ -81.97128479455337, 35.188389630841108 ], [ -82.21002347029652, 35.193234500692682 ] ] ] ] } },
{ "type": "Feature", "properties": { "NAME": "Macon", "AREA": 0.131 }, "geometry": { "type": "MultiPolygon", "coordinates": [ [ [ [ -83.106161722957111, 35.000391347578052 ], [ -83.512897186168743, 34.992136909407598 ], [ -83.527111145344207, 35.019850113750522 ], [ -83.553128154740492, 35.035875343368765 ], [ -83.561932718355919, 35.056054675905614 ], [ -83.643455199195387, 35.127609342718138 ], [ -83.644767474466406, 35.143470524471191 ], [ -83.717699096196796, 35.138919749229764 ], [ -83.739420638697936, 35.145950108575434 ], [ -83.712976302435862, 35.180861469180421 ], [ -83.722223390736076, 35.197382588281982 ], [ -83.696587817250688, 35.21454453346454 ], [ -83.695527251742107, 35.250916919193905 ], [ -83.679085374385323, 35.272328359116955 ], [ -83.473115895559189, 35.291752211562667 ], [ -83.424568535814984, 35.315425690910459 ], [ -83.33170069060364, 35.319450025223148 ], [ -83.310520927396965, 35.260094536421484 ], [ -83.284862535417687, 35.226743302224243 ], [ -83.263820027590526, 35.221879643249011 ], [ -83.232660612311264, 35.230916443372045 ], [ -83.21991914522674, 35.222634894321942 ], [ -83.217813461415986, 35.159102427918313 ], [ -83.193360532571191, 35.139327424899847 ], [ -83.177025540047183, 35.111606582203628 ], [ -83.148078761577281, 35.091492075203099 ], [ -83.14493536696628, 35.083397453971138 ], [ -83.161377250798864, 35.059334864829886 ], [ -83.106161722957111, 35.000391347578052 ] ] ] ] } },
{ "type": "Feature", "properties": { "NAME": "Sampson", "AREA": 0.241 }, "geometry": { "type": "MultiPolygon", "coordinates": [ [ [ [ -78.113495212579124, 34.721096105702969 ], [ -78.113464766057035, 34.69929177201314 ], [ -78.156488290854014, 34.677266288185976 ], [ -78.256535955681471, 34.553867582616093 ], [ -78.274343409884906, 34.581390055088875 ], [ -78.30563242162836, 34.605471777321249 ], [ -78.319617443620103, 34.630205761387451 ], [ -78.309431876493051, 34.635965805415665 ], [ -78.322074132934162, 34.645685468562128 ], [ -78.338599780582641, 34.682717774928427 ], [ -78.363548622704698, 34.692155184364651 ], [ -78.38640688252687, 34.722000774534791 ], [ -78.400735197877879, 34.759441244860412 ], [ -78.499027350694334, 34.855214990651241 ], [ -78.541730195364025, 34.907978841167449 ], [ -78.593214794668995, 34.94357694441436 ], [ -78.633995013925457, 34.984473528215055 ], [ -78.666153611542398, 35.071572730753921 ], [ -78.657898286342245, 35.09372419215935 ], [ -78.645378041900571, 35.102661812502078 ], [ -78.633223885222051, 35.153827244071394 ], [ -78.644965765275842, 35.189829627202968 ], [ -78.632453154203219, 35.197401615953915 ], [ -78.635024294699846, 35.211054137540039 ], [ -78.612478643957147, 35.243932278691723 ], [ -78.580151779716488, 35.286675002660623 ], [ -78.538478667812015, 35.315215885227445 ], [ -78.493357237536586, 35.259720723216276 ], [ -78.416412491209726, 35.24917695059748 ], [ -78.309857028405588, 35.280384102901984 ], [ -78.25712887959871, 35.22105142025206 ], [ -78.164902053764209, 35.193318943525412 ], [ -78.16291838776894, 35.182390060473246 ], [ -78.17000659436475, 35.097587326692476 ], [ -78.15496870030529, 35.068294852044026 ], [ -78.142708448625839, 34.901432081289514 ], [ -78.195177899028607, 34.743736023892723 ], [ -78.155824344963293, 34.728588102901419 ], [ -78.135544859269785, 34.711456625596561 ], [ -78.113495212579124, 34.721096105702969 ] ] ] ] } },
{ "type": "Feature", "properties": { "NAME": "Pamlico", "AREA": 0.082 }, "geometry": { "type": "MultiPolygon", "coordinates": [ [ [ [ -76.942934074488448, 35.070134388354283 ], [ -76.943918183430569, 35.099823549622556 ], [ -76.989581282346677, 35.154143807020489 ], [ -76.972025504911102, 35.156871213113661 ], [ -76.966295537948014, 35.188063320991937 ], [ -76.947122179440612, 35.217088693470387 ], [ -76.897292965039426, 35.251668071153318 ], [ -76.85025645851475, 35.217263915630241 ], [ -76.63989235940295, 35.237343509179546 ], [ -76.614195641702693, 35.273013928389219 ], [ -76.590886981953361, 35.312174731263227 ], [ -76.540653563605176, 35.303782437953267 ], [ -76.506801136457682, 35.248863298622396 ], [ -76.639770539738436, 35.172617086491073 ], [ -76.604903288087357, 35.138659276113991 ], [ -76.623901344054971, 35.064449780032476 ], [ -76.677690353082212, 35.024186650266671 ], [ -76.849151063158573, 34.982321689286138 ], [ -76.94117942221142, 35.027528937075608 ], [ -76.942934074488448, 35.070134388354283 ] ] ] ] } },
{ "type": "Feature", "properties": { "NAME": "Cherokee", "AREA": 0.12 }, "geometry": { "type": "MultiPolygon", "coordinates": [ [ [ [ -84.290951138390625, 35.210654096461816 ], [ -84.225855091874294, 35.261712717383759 ], [ -84.17963482450331, 35.241098484105258 ], [ -84.101553200413264, 35.24566070849901 ], [ -84.042682954768154, 35.272683421100389 ], [ -84.03076545141802, 35.292630053387242 ], [ -84.003794749974404, 35.262197003586394 ], [ -83.992106194033013, 35.23261081282498 ], [ -83.960801848705088, 35.215490780424858 ], [ -83.921555035562747, 35.219076489855929 ], [ -83.836759310349819, 35.246858285869095 ], [ -83.791775018178654, 35.248769371828367 ], [ -83.753459038427394, 35.237275893584247 ], [ -83.695527251742107, 35.250916919193905 ], [ -83.696587817250688, 35.21454453346454 ], [ -83.722223390736076, 35.197382588281982 ], [ -83.712976302435862, 35.180861469180421 ], [ -83.739420638697936, 35.145950108575434 ], [ -83.755290262565524, 35.148174044388668 ], [ -83.853781160882932, 35.12590438889977 ], [ -83.907219143671838, 35.070527630516231 ], [ -83.952752789974397, 35.048555472060045 ], [ -83.959672897316864, 35.019236330801071 ], [ -83.988451889041713, 34.989180987450169 ], [ -84.118147933640756, 34.988338057990376 ], [ -84.32376640400264, 34.989124020243985 ], [ -84.290951138390625, 35.210654096461816 ] ] ] ] } },
{ "type": "Feature", "properties": { "NAME": "Cumberland", "AREA": 0.172 }, "geometry": { "type": "MultiPolygon", "coordinates": [ [ [ [ -78.499027350694334, 34.855214990651241 ], [ -78.517178265718385, 34.843637673232521 ], [ -78.831404378126649, 34.844466110621845 ], [ -78.89601208635986, 34.831012097270801 ], [ -78.912301346969798, 34.827533201987777 ], [ -78.928376809024329, 34.879907901090832 ], [ -78.948236654939095, 34.902791819780809 ], [ -79.033360234145619, 34.953930731608317 ], [ -79.094068915366691, 35.037963034152284 ], [ -79.106596517660776, 35.119328834434597 ], [ -79.096929607984535, 35.176910461651318 ], [ -79.095647791094507, 35.190067074652191 ], [ -78.912330657395856, 35.22256723973841 ], [ -78.885764275032685, 35.23003620588436 ], [ -78.874319796262313, 35.242635864509815 ], [ -78.812130660398267, 35.258821157650232 ], [ -78.715806622472059, 35.260079777489921 ], [ -78.612478643957147, 35.243932278691723 ], [ -78.635024294699846, 35.211054137540039 ], [ -78.632453154203219, 35.197401615953915 ], [ -78.644965765275842, 35.189829627202968 ], [ -78.633223885222051, 35.153827244071394 ], [ -78.645378041900571, 35.102661812502078 ], [ -78.657898286342245, 35.09372419215935 ], [ -78.666153611542398, 35.071572730753921 ], [ -78.633995013925457, 34.984473528215055 ], [ -78.593214794668995, 34.94357694441436 ], [ -78.541730195364025, 34.907978841167449 ], [ -78.499027350694334, 34.855214990651241 ] ] ] ] } },
{ "type": "Feature", "properties": { "NAME": "Jones", "AREA": 0.121 }, "geometry": { "type": "MultiPolygon", "coordinates": [ [ [ [ -77.048696823883574, 34.831297772558564 ], [ -77.057158136841537, 34.815154345172829 ], [ -77.072829383274723, 34.815547289903094 ], [ -77.10038765168818, 34.797603412825268 ], [ -77.159517271333442, 34.788604885358403 ], [ -77.163957763691357, 34.77462433510226 ], [ -77.192538226795392, 34.80439365643285 ], [ -77.179758504406678, 34.832255569195723 ], [ -77.205966251392297, 34.835608680621519 ], [ -77.222690208851901, 34.884615078809674 ], [ -77.285123273147036, 34.926507336915094 ], [ -77.334837884643022, 34.932645175422699 ], [ -77.369674816664016, 34.914354180510941 ], [ -77.499340115235, 34.962609380958767 ], [ -77.638962174353622, 34.984124148706968 ], [ -77.682702874920807, 34.966828785061267 ], [ -77.731639170484002, 35.0009391953256 ], [ -77.599203891090909, 35.070971417719626 ], [ -77.532764850189125, 35.144982449161958 ], [ -77.510478675429425, 35.155869311774786 ], [ -77.528018882098863, 35.23979474791674 ], [ -77.473802808005118, 35.227290299905754 ], [ -77.423111695784073, 35.194404360203393 ], [ -77.205209990351747, 35.088155299550948 ], [ -77.178941320207812, 35.053461298858608 ], [ -77.140144674714989, 35.054338563269027 ], [ -77.130813587589302, 35.06938338608672 ], [ -77.11028227924831, 35.066137095961217 ], [ -77.103064809909114, 35.024363217124794 ], [ -77.109230264679567, 34.830535001829269 ], [ -77.048696823883574, 34.831297772558564 ] ] ] ] } },
{ "type": "Feature", "properties": { "NAME": "Union", "AREA": 0.163 }, "geometry": { "type": "MultiPolygon", "coordinates": [ [ [ [ -80.83997168599943, 35.00212786406005 ], [ -80.797024454995977, 35.028307509352494 ], [ -80.759486670879525, 35.036730122878886 ], [ -80.539440186321542, 35.205923297840471 ], [ -80.50274172639898, 35.187017990637223 ], [ -80.483026779782278, 35.183016423532706 ], [ -80.453080548682024, 35.160891590874108 ], [ -80.428375796590942, 35.168700071207056 ], [ -80.398543964767441, 35.164717559762984 ], [ -80.372740532456262, 35.177969497258339 ], [ -80.348516484778202, 35.170778901554705 ], [ -80.325467373181439, 35.174021286890472 ], [ -80.274913414997044, 35.193216355604548 ], [ -80.325071541859089, 34.814875155026655 ], [ -80.561345801657126, 34.815340934399565 ], [ -80.799870803713404, 34.816226311103847 ], [ -80.785458147335589, 34.940750601256561 ], [ -80.83997168599943, 35.00212786406005 ] ] ] ] } },
{ "type": "Feature", "properties": { "NAME": "Anson", "AREA": 0.138 }, "geometry": { "type": "MultiPolygon", "coordinates": [ [ [ [ -79.919732422764426, 34.80803102330885 ], [ -80.325071541859089, 34.814875155026655 ], [ -80.274913414997044, 35.193216355604548 ], [ -80.26088250258573, 35.204145211129699 ], [ -80.24737806135839, 35.204629644076448 ], [ -80.219675003019802, 35.159289050374689 ], [ -80.189888916816173, 35.167963438422035 ], [ -80.167915638490456, 35.149836337531113 ], [ -80.158927924906806, 35.15484491438275 ], [ -80.154472166936586, 35.176187691549067 ], [ -80.131400188026348, 35.171221018678068 ], [ -80.110060061581592, 35.193940843441126 ], [ -80.071194855823464, 35.150847039682425 ], [ -80.064961488165949, 35.136687168929654 ], [ -80.058232243590638, 35.104091252995737 ], [ -80.002589413462729, 35.090034289494625 ], [ -79.975061702320829, 35.096839516579116 ], [ -79.944695738254708, 35.115443349076997 ], [ -79.927277299323762, 35.115885813010124 ], [ -79.914917328616411, 35.1067993725555 ], [ -79.908210961542906, 35.079101426452993 ], [ -79.881858324766227, 35.044571467432796 ], [ -79.893699605364915, 35.007352275732913 ], [ -79.866828168065766, 34.967825173124567 ], [ -79.853484122129828, 34.904693255738991 ], [ -79.901199943019492, 34.852520846488858 ], [ -79.919732422764426, 34.80803102330885 ] ] ] ] } },
{ "type": "Feature", "properties": { "NAME": "Hoke", "AREA": 0.098 }, "geometry": { "type": "MultiPolygon", "coordinates": [ [ [ [ -79.340063903629712, 34.835720224052636 ], [ -79.36044232011217, 34.944818266675163 ], [ -79.398178302023666, 34.996323286040983 ], [ -79.455125713613867, 35.037464034072471 ], [ -79.349813682778361, 35.14090097955777 ], [ -79.235048657407603, 35.203311707659758 ], [ -79.147033374478553, 35.173652879820523 ], [ -79.121756432237035, 35.170288336199611 ], [ -79.096929607984535, 35.176910461651318 ], [ -79.106596517660776, 35.119328834434597 ], [ -79.094068915366691, 35.037963034152284 ], [ -79.033360234145619, 34.953930731608317 ], [ -79.18161185126246, 34.831993032518987 ], [ -79.340063903629712, 34.835720224052636 ] ] ] ] } },
{ "type": "Feature", "properties": { "NAME": "Hyde", "AREA": 0.167 }, "geometry": { "type": "MultiPolygon", "coordinates": [ [ [ [ -76.518618104893662, 35.577733033240058 ], [ -76.539271435823323, 35.594124509766061 ], [ -76.585552684583277, 35.60954332760052 ], [ -76.607625089542069, 35.635154745217605 ], [ -76.608593934879153, 35.664241226419037 ], [ -76.633496878306602, 35.703089387223521 ], [ -76.408102476868237, 35.699201678296625 ], [ -76.273111543055194, 35.689584648494261 ], [ -76.297297780041077, 35.6117817244252 ], [ -76.232461291289113, 35.594753082509747 ], [ -76.20990044766026, 35.60447648544627 ], [ -76.16696815613426, 35.696927497103168 ], [ -76.104405364106753, 35.663724867062307 ], [ -76.020868568676605, 35.669179538063013 ], [ -75.907683086603441, 35.665723169984311 ], [ -75.891149835661196, 35.631353396866253 ], [ -76.052639403177793, 35.414694933686604 ], [ -76.18128281354349, 35.341626282168072 ], [ -76.498476544762113, 35.416309744221145 ], [ -76.533427722239978, 35.450290460980554 ], [ -76.458107840024354, 35.504515065465327 ], [ -76.446197805696499, 35.550954207959151 ], [ -76.518618104893662, 35.577733033240058 ] ] ], [ [ [ -76.016667159728442, 35.06953301307508 ], [ -75.975352551676522, 35.116281018032758 ], [ -75.853591166258823, 35.167377461508686 ], [ -75.763355495535563, 35.192378201831787 ], [ -75.811193358680697, 35.164115843689586 ], [ -75.903603498533016, 35.132588300800329 ], [ -76.002537096062056, 35.06953297358563 ], [ -76.016667159728442, 35.06953301307508 ] ] ] ] } },
{ "type": "Feature", "properties": { "NAME": "Duplin", "AREA": 0.204 }, "geometry": { "type": "MultiPolygon", "coordinates": [ [ [ [ -77.689547505795545, 34.72030550380309 ], [ -77.926393965107323, 34.71111664986514 ], [ -77.939028594839328, 34.719516458892542 ], [ -77.988872939034962, 34.717204916862379 ], [ -78.017087250766409, 34.729041728607051 ], [ -78.113495212579124, 34.721096105702969 ], [ -78.135544859269785, 34.711456625596561 ], [ -78.155824344963293, 34.728588102901419 ], [ -78.195177899028607, 34.743736023892723 ], [ -78.142708448625839, 34.901432081289514 ], [ -78.15496870030529, 35.068294852044026 ], [ -78.17000659436475, 35.097587326692476 ], [ -78.16291838776894, 35.182390060473246 ], [ -78.087255429330838, 35.170286107984232 ], [ -78.036228439394904, 35.185792410070881 ], [ -78.001879861445147, 35.186578142175541 ], [ -77.963647883857448, 35.164125217186111 ], [ -77.944413583057823, 35.168332695294247 ], [ -77.913696738594822, 35.160073977962348 ], [ -77.893875025770569, 35.144281417450443 ], [ -77.887389806745659, 35.15506532451959 ], [ -77.836294145808409, 35.171841890832916 ], [ -77.763851001849105, 35.128713660949948 ], [ -77.751315642553223, 35.095778230855224 ], [ -77.754711096665019, 35.018185128605801 ], [ -77.744502712749849, 35.002548993614148 ], [ -77.731639170484002, 35.0009391953256 ], [ -77.682702874920807, 34.966828785061267 ], [ -77.654976985529942, 34.919039216229635 ], [ -77.689547505795545, 34.72030550380309 ] ] ] ] } },
{ "type": "Feature", "properties": { "NAME": "Richmond", "AREA": 0.121 }, "geometry": { "type": "MultiPolygon", "coordinates": [ [ [ [ -79.685731808065881, 34.805367992268913 ], [ -79.919732422764426, 34.80803102330885 ], [ -79.901199943019492, 34.852520846488858 ], [ -79.853484122129828, 34.904693255738991 ], [ -79.866828168065766, 34.967825173124567 ], [ -79.893699605364915, 35.007352275732913 ], [ -79.881858324766227, 35.044571467432796 ], [ -79.908210961542906, 35.079101426452993 ], [ -79.914917328616411, 35.1067993725555 ], [ -79.927277299323762, 35.115885813010124 ], [ -79.944695738254708, 35.115443349076997 ], [ -79.975061702320829, 35.096839516579116 ], [ -80.002589413462729, 35.090034289494625 ], [ -80.058232243590638, 35.104091252995737 ], [ -80.064961488165949, 35.136687168929654 ], [ -80.010463062407524, 35.137247819972195 ], [ -79.975603261138474, 35.150862126379465 ], [ -79.909240753833174, 35.155824823010079 ], [ -79.836095472486718, 35.173905975553787 ], [ -79.759616111514632, 35.16741716936329 ], [ -79.697724563405714, 35.173177125905404 ], [ -79.637069085058187, 35.153939895786912 ], [ -79.607237229816121, 35.159291747332233 ], [ -79.575398911196999, 35.119230576409478 ], [ -79.573964670897851, 35.073371248792192 ], [ -79.552670409576024, 35.064212313330856 ], [ -79.494830216919368, 35.062613877976801 ], [ -79.455125713613867, 35.037464034072471 ], [ -79.546872074453603, 35.000168705901501 ], [ -79.572812864367023, 34.978475032993572 ], [ -79.580289992058212, 34.944898797033844 ], [ -79.565358918456994, 34.907610899509443 ], [ -79.621696237098291, 34.849682255920058 ], [ -79.61121321953776, 34.817860716640446 ], [ -79.659920749583364, 34.818009578138465 ], [ -79.685731808065881, 34.805367992268913 ] ] ] ] } },
{ "type": "Feature", "properties": { "NAME": "Clay", "AREA": 0.051 }, "geometry": { "type": "MultiPolygon", "coordinates": [ [ [ [ -83.937897974720599, 34.989505189418665 ], [ -83.988451889041713, 34.989180987450169 ], [ -83.959672897316864, 35.019236330801071 ], [ -83.952752789974397, 35.048555472060045 ], [ -83.907219143671838, 35.070527630516231 ], [ -83.853781160882932, 35.12590438889977 ], [ -83.755290262565524, 35.148174044388668 ], [ -83.739420638697936, 35.145950108575434 ], [ -83.717699096196796, 35.138919749229764 ], [ -83.644767474466406, 35.143470524471191 ], [ -83.643455199195387, 35.127609342718138 ], [ -83.561932718355919, 35.056054675905614 ], [ -83.553128154740492, 35.035875343368765 ], [ -83.527111145344207, 35.019850113750522 ], [ -83.512897186168743, 34.992136909407598 ], [ -83.549305772989996, 34.989649812390688 ], [ -83.937897974720599, 34.989505189418665 ] ] ] ] } },
{ "type": "Feature", "properties": { "NAME": "Craven", "AREA": 0.177 }, "geometry": { "type": "MultiPolygon", "coordinates": [ [ [ [ -76.897292965039426, 35.251668071153318 ], [ -76.947122179440612, 35.217088693470387 ], [ -76.966295537948014, 35.188063320991937 ], [ -76.972025504911102, 35.156871213113661 ], [ -76.989581282346677, 35.154143807020489 ], [ -76.943918183430569, 35.099823549622556 ], [ -76.942934074488448, 35.070134388354283 ], [ -77.04757429492004, 35.092255615158045 ], [ -77.104369238059789, 35.088086383210204 ], [ -77.11028227924831, 35.066137095961217 ], [ -77.130813587589302, 35.06938338608672 ], [ -77.140144674714989, 35.054338563269027 ], [ -77.178941320207812, 35.053461298858608 ], [ -77.205209990351747, 35.088155299550948 ], [ -77.423111695784073, 35.194404360203393 ], [ -77.473802808005118, 35.227290299905754 ], [ -77.429352490782648, 35.259935687936746 ], [ -77.448212831175653, 35.28577214003289 ], [ -77.449914177981483, 35.302155927971484 ], [ -77.412856979061658, 35.331314777156379 ], [ -77.385863370251911, 35.329357811523103 ], [ -77.353918148267965, 35.323651063898403 ], [ -77.29349895518024, 35.37404583512599 ], [ -77.263888466231975, 35.350208211380775 ], [ -77.243998016732064, 35.354285988489252 ], [ -77.24024414448327, 35.380080428251361 ], [ -77.210900544941993, 35.395735548751489 ], [ -77.194656968821874, 35.423048177129928 ], [ -76.897292965039426, 35.251668071153318 ] ] ], [ [ [ -76.646729794275402, 34.906437020286681 ], [ -76.625298241155264, 34.890751267286184 ], [ -76.749897793228811, 34.848378852119779 ], [ -77.048696823883574, 34.831297772558564 ], [ -77.109230264679567, 34.830535001829269 ], [ -77.103064809909114, 35.024363217124794 ], [ -77.11028227924831, 35.066137095961217 ], [ -77.000881138991772, 35.052987836799872 ], [ -76.9127975631433, 34.936573170089488 ], [ -76.646729794275402, 34.906437020286681 ] ] ] ] } },
{ "type": "Feature", "properties": { "NAME": "Scotland", "AREA": 0.08 }, "geometry": { "type": "MultiPolygon", "coordinates": [ [ [ [ -79.455737225245045, 34.634205811477102 ], [ -79.667275756159185, 34.800775161402818 ], [ -79.685731808065881, 34.805367992268913 ], [ -79.659920749583364, 34.818009578138465 ], [ -79.61121321953776, 34.817860716640446 ], [ -79.621696237098291, 34.849682255920058 ], [ -79.565358918456994, 34.907610899509443 ], [ -79.580289992058212, 34.944898797033844 ], [ -79.572812864367023, 34.978475032993572 ], [ -79.546872074453603, 35.000168705901501 ], [ -79.455125713613867, 35.037464034072471 ], [ -79.398178302023666, 34.996323286040983 ], [ -79.36044232011217, 34.944818266675163 ], [ -79.340063903629712, 34.835720224052636 ], [ -79.34421449677356, 34.80894926398031 ], [ -79.327734610256172, 34.772523475115456 ], [ -79.455737225245045, 34.634205811477102 ] ] ] ] } },
{ "type": "Feature", "properties": { "NAME": "Onslow", "AREA": 0.195 }, "geometry": { "type": "MultiPolygon", "coordinates": [ [ [ [ -77.538344531312305, 34.457123547191593 ], [ -77.576042458168459, 34.469460092489754 ], [ -77.689547505795545, 34.72030550380309 ], [ -77.654976985529942, 34.919039216229635 ], [ -77.682702874920807, 34.966828785061267 ], [ -77.638962174353622, 34.984124148706968 ], [ -77.499340115235, 34.962609380958767 ], [ -77.369674816664016, 34.914354180510941 ], [ -77.334837884643022, 34.932645175422699 ], [ -77.285123273147036, 34.926507336915094 ], [ -77.222690208851901, 34.884615078809674 ], [ -77.205966251392297, 34.835608680621519 ], [ -77.179758504406678, 34.832255569195723 ], [ -77.192538226795392, 34.80439365643285 ], [ -77.163957763691357, 34.77462433510226 ], [ -77.148652775147326, 34.764439277087028 ], [ -77.129090709882348, 34.685022781986362 ], [ -77.156298036699411, 34.660746649225828 ], [ -77.538344531312305, 34.457123547191593 ] ] ] ] } },
{ "type": "Feature", "properties": { "NAME": "Robeson", "AREA": 0.24 }, "geometry": { "type": "MultiPolygon", "coordinates": [ [ [ [ -78.864258653984024, 34.477313413546391 ], [ -78.91922253775202, 34.453758293880803 ], [ -78.950488750738359, 34.449501250048435 ], [ -78.975117325941653, 34.399285744686111 ], [ -79.001988894932026, 34.388162390279213 ], [ -79.006169992730548, 34.366388593934545 ], [ -79.029226771906579, 34.347494868157355 ], [ -79.04070180819275, 34.319419349668685 ], [ -79.074256937188593, 34.304695016394561 ], [ -79.446909791173042, 34.619176216613369 ], [ -79.455737225245045, 34.634205811477102 ], [ -79.327734610256172, 34.772523475115456 ], [ -79.34421449677356, 34.80894926398031 ], [ -79.340063903629712, 34.835720224052636 ], [ -79.18161185126246, 34.831993032518987 ], [ -79.033360234145619, 34.953930731608317 ], [ -78.948236654939095, 34.902791819780809 ], [ -78.928376809024329, 34.879907901090832 ], [ -78.912301346969798, 34.827533201987777 ], [ -78.89601208635986, 34.831012097270801 ], [ -78.841452928057507, 34.735112572032406 ], [ -78.803068436830799, 34.685217339338358 ], [ -78.85234854185326, 34.566697397712801 ], [ -78.845413391058798, 34.50757088243914 ], [ -78.864258653984024, 34.477313413546391 ] ] ] ] } },
{ "type": "Feature", "properties": { "NAME": "Carteret", "AREA": 0.125 }, "geometry": { "type": "MultiPolygon", "coordinates": [ [ [ [ -77.148652775147326, 34.764439277087028 ], [ -77.163957763691357, 34.77462433510226 ], [ -77.159517271333442, 34.788604885358403 ], [ -77.10038765168818, 34.797603412825268 ], [ -77.072829383274723, 34.815547289903094 ], [ -77.057158136841537, 34.815154345172829 ], [ -77.048696823883574, 34.831297772558564 ], [ -76.749897793228811, 34.848378852119779 ], [ -76.625298241155264, 34.890751267286184 ], [ -76.646729794275402, 34.906437020286681 ], [ -76.669740494231704, 34.970099194255113 ], [ -76.529454576148993, 34.974737396020096 ], [ -76.444704545079574, 35.01675897488068 ], [ -76.423730987376601, 34.946348746229596 ], [ -76.363685859266241, 34.943212970942916 ], [ -76.329077753942499, 34.976056715084383 ], [ -76.314383206740345, 34.948915687321943 ], [ -76.469578030814048, 34.785166140192935 ], [ -76.624993715475782, 34.719860360164404 ], [ -77.050223237605394, 34.699026031279118 ], [ -77.148652775147326, 34.764439277087028 ] ] ], [ [ [ -76.543952363872947, 34.587939377171701 ], [ -76.554824489016355, 34.610769863818952 ], [ -76.537428935667279, 34.614031312127807 ], [ -76.484158582147145, 34.697739044547035 ], [ -76.431971711882454, 34.760790656233425 ], [ -76.374352589668206, 34.81297442313334 ], [ -76.287374625459123, 34.87711311658849 ], [ -76.4689375005198, 34.693390344741857 ], [ -76.543952363872947, 34.587939377171701 ] ] ] ] } },
{ "type": "Feature", "properties": { "NAME": "Bladen", "AREA": 0.225 }, "geometry": { "type": "MultiPolygon", "coordinates": [ [ [ [ -78.261228684776682, 34.394905064286419 ], [ -78.328712803183336, 34.364540902167114 ], [ -78.437679066058237, 34.371960557933498 ], [ -78.637826745279213, 34.451262954087184 ], [ -78.659563545036136, 34.451060825384218 ], [ -78.668238384250131, 34.465247387094109 ], [ -78.81163720098688, 34.455436502618454 ], [ -78.836105394289461, 34.459316013899631 ], [ -78.864258653984024, 34.477313413546391 ], [ -78.845413391058798, 34.50757088243914 ], [ -78.85234854185326, 34.566697397712801 ], [ -78.803068436830799, 34.685217339338358 ], [ -78.841452928057507, 34.735112572032406 ], [ -78.89601208635986, 34.831012097270801 ], [ -78.831404378126649, 34.844466110621845 ], [ -78.517178265718385, 34.843637673232521 ], [ -78.499027350694334, 34.855214990651241 ], [ -78.400735197877879, 34.759441244860412 ], [ -78.38640688252687, 34.722000774534791 ], [ -78.363548622704698, 34.692155184364651 ], [ -78.338599780582641, 34.682717774928427 ], [ -78.322074132934162, 34.645685468562128 ], [ -78.309431876493051, 34.635965805415665 ], [ -78.319617443620103, 34.630205761387451 ], [ -78.30563242162836, 34.605471777321249 ], [ -78.274343409884906, 34.581390055088875 ], [ -78.256535955681471, 34.553867582616093 ], [ -78.262136182941731, 34.528054109661149 ], [ -78.254788921106751, 34.507497145550531 ], [ -78.169405944542447, 34.462568450716319 ], [ -78.261228684776682, 34.394905064286419 ] ] ] ] } },
{ "type": "Feature", "properties": { "NAME": "Pender", "AREA": 0.214 }, "geometry": { "type": "MultiPolygon", "coordinates": [ [ [ [ -78.025649011234137, 34.328888871565013 ], [ -78.129968738123139, 34.364242924607503 ], [ -78.15451324324755, 34.362362375668042 ], [ -78.184345116772278, 34.348290339671394 ], [ -78.194294136643748, 34.351170393401553 ], [ -78.261228684776682, 34.394905064286419 ], [ -78.169405944542447, 34.462568450716319 ], [ -78.254788921106751, 34.507497145550531 ], [ -78.262136182941731, 34.528054109661149 ], [ -78.256535955681471, 34.553867582616093 ], [ -78.156488290854014, 34.677266288185976 ], [ -78.113464766057035, 34.69929177201314 ], [ -78.113495212579124, 34.721096105702969 ], [ -78.017087250766409, 34.729041728607051 ], [ -77.988872939034962, 34.717204916862379 ], [ -77.939028594839328, 34.719516458892542 ], [ -77.926393965107323, 34.71111664986514 ], [ -77.689547505795545, 34.72030550380309 ], [ -77.576042458168459, 34.469460092489754 ], [ -77.538344531312305, 34.457123547191593 ], [ -77.586472320331453, 34.421052690014569 ], [ -77.609437438235616, 34.435159179263756 ], [ -77.602326706252924, 34.412744502788058 ], [ -77.750242578179865, 34.305165175073917 ], [ -77.808860790999006, 34.359550224506044 ], [ -77.828102605552331, 34.388087378492315 ], [ -77.887789229399715, 34.364188973411899 ], [ -77.921504504683469, 34.373431854339124 ], [ -77.943660987022284, 34.356556063043151 ], [ -77.949535765200153, 34.366203229075872 ], [ -77.978795339576592, 34.375804672970631 ], [ -77.994176704538233, 34.362434493976714 ], [ -77.986402191870241, 34.340035077555463 ], [ -78.025649011234137, 34.328888871565013 ] ] ] ] } },
{ "type": "Feature", "properties": { "NAME": "Columbus", "AREA": 0.24 }, "geometry": { "type": "MultiPolygon", "coordinates": [ [ [ [ -78.655460327576066, 33.948802478656269 ], [ -79.074256937188593, 34.304695016394561 ], [ -79.04070180819275, 34.319419349668685 ], [ -79.029226771906579, 34.347494868157355 ], [ -79.006169992730548, 34.366388593934545 ], [ -79.001988894932026, 34.388162390279213 ], [ -78.975117325941653, 34.399285744686111 ], [ -78.950488750738359, 34.449501250048435 ], [ -78.91922253775202, 34.453758293880803 ], [ -78.864258653984024, 34.477313413546391 ], [ -78.836105394289461, 34.459316013899631 ], [ -78.81163720098688, 34.455436502618454 ], [ -78.668238384250131, 34.465247387094109 ], [ -78.659563545036136, 34.451060825384218 ], [ -78.637826745279213, 34.451262954087184 ], [ -78.437679066058237, 34.371960557933498 ], [ -78.328712803183336, 34.364540902167114 ], [ -78.261228684776682, 34.394905064286419 ], [ -78.194294136643748, 34.351170393401553 ], [ -78.184345116772278, 34.348290339671394 ], [ -78.15451324324755, 34.362362375668042 ], [ -78.260794367663465, 34.215385642622358 ], [ -78.373308462618382, 34.202473430156147 ], [ -78.360856966349473, 34.186844943898187 ], [ -78.425167211715021, 34.138189727619235 ], [ -78.492483313991656, 34.158628553007858 ], [ -78.526976851878118, 34.154981858784026 ], [ -78.544021493510797, 34.134287634349477 ], [ -78.563172076725294, 34.059071196547386 ], [ -78.587525919205589, 34.030732513271367 ], [ -78.630015350891753, 34.010328256433127 ], [ -78.634463517838668, 33.978106261527117 ], [ -78.655460327576066, 33.948802478656269 ] ] ] ] } },
{ "type": "Feature", "properties": { "NAME": "New Hanover", "AREA": 0.042 }, "geometry": { "type": "MultiPolygon", "coordinates": [ [ [ [ -77.960454337377982, 34.189365516515878 ], [ -77.965588900009124, 34.242407688410971 ], [ -77.975003851438217, 34.243483429924666 ], [ -77.982869932939138, 34.261801208969729 ], [ -77.999945009390117, 34.26800380486219 ], [ -77.995115409074643, 34.282918923003244 ], [ -78.006742948334605, 34.284936878470106 ], [ -78.011030705693742, 34.312733959705447 ], [ -78.025649011234137, 34.328888871565013 ], [ -77.986402191870241, 34.340035077555463 ], [ -77.994176704538233, 34.362434493976714 ], [ -77.978795339576592, 34.375804672970631 ], [ -77.949535765200153, 34.366203229075872 ], [ -77.943660987022284, 34.356556063043151 ], [ -77.921504504683469, 34.373431854339124 ], [ -77.887789229399715, 34.364188973411899 ], [ -77.828102605552331, 34.388087378492315 ], [ -77.808860790999006, 34.359550224506044 ], [ -77.750242578179865, 34.305165175073917 ], [ -77.864107447128774, 34.192859480870105 ], [ -77.894122789687501, 34.069304331321085 ], [ -77.926480042588025, 34.062159640868508 ], [ -77.960454337377982, 34.189365516515878 ] ] ] ] } },
{ "type": "Feature", "properties": { "NAME": "Brunswick", "AREA": 0.212 }, "geometry": { "type": "MultiPolygon", "coordinates": [ [ [ [ -78.655460327576066, 33.948802478656269 ], [ -78.634463517838668, 33.978106261527117 ], [ -78.630015350891753, 34.010328256433127 ], [ -78.587525919205589, 34.030732513271367 ], [ -78.563172076725294, 34.059071196547386 ], [ -78.544021493510797, 34.134287634349477 ], [ -78.526976851878118, 34.154981858784026 ], [ -78.492483313991656, 34.158628553007858 ], [ -78.425167211715021, 34.138189727619235 ], [ -78.360856966349473, 34.186844943898187 ], [ -78.373308462618382, 34.202473430156147 ], [ -78.260794367663465, 34.215385642622358 ], [ -78.15451324324755, 34.362362375668042 ], [ -78.129968738123139, 34.364242924607503 ], [ -78.025649011234137, 34.328888871565013 ], [ -78.011030705693742, 34.312733959705447 ], [ -78.006742948334605, 34.284936878470106 ], [ -77.995115409074643, 34.282918923003244 ], [ -77.999945009390117, 34.26800380486219 ], [ -77.982869932939138, 34.261801208969729 ], [ -77.975003851438217, 34.243483429924666 ], [ -77.965588900009124, 34.242407688410971 ], [ -77.960454337377982, 34.189365516515878 ], [ -77.958250016669751, 33.99270712077783 ], [ -78.034531233352936, 33.914420074544637 ], [ -78.579461856141876, 33.882122960290182 ], [ -78.655460327576066, 33.948802478656269 ] ] ] ] } }
]
}
