"scientific_name","longitude","latitude"
"Species 1",-77.1637058144711,36.5285796677676
"Species 23",-81.4178734155678,36.0612508788391
"Species 20",-78.9851013022835,35.7152460021363
"Species 31",-78.9647661955902,35.344744475856
"Species 4",-81.7116630588102,35.2799250768693
"Species 23",-79.2022577646991,36.32924935384
"Species 15",-78.7290383779303,34.2513097353395
"Species 4",-79.8458687743473,35.5315617137984
"Species 18",-79.5886279773647,35.4909313743037
"Species 44",-79.382791619044,35.2472026268001
"Species 8",-76.9669295222214,36.1828659183693
"Species 24",-78.0843360365958,34.9200443199824
"Species 36",-76.3659365588452,36.2848669906589
"Species 29",-82.3004150525951,35.4024399782706
"Species 6",-77.308847594134,35.581450917165
"Species 43",-79.0061078955945,36.1963542267955
"Species 35",-76.2536868324106,36.3327353472451
"Species 4",-79.3546382434722,36.2915556438936
"Species 21",-77.6231130445849,35.6149470382849
"Species 6",-80.9617828925427,35.9548457478559
"Species 14",-81.0140168909378,35.365278110803
"Species 14",-80.3044333022472,35.8525559125176
"Species 1",-81.3422244756489,35.8970948917664
"Species 10",-82.533220012301,35.5559893287416
"Species 34",-79.1882824728232,35.2290985393679
"Species 11",-83.8999322093326,35.4192048216018
"Species 19",-82.4352220549875,35.2370259029609
"Species 23",-76.5467087120039,35.6158794576842
"Species 37",-77.0875423648112,35.6720274755586
"Species 3",-83.3982586832025,35.547887227726
"Species 32",-77.5264530314331,34.4735891182641
"Species 18",-77.5026773736164,36.4440670838769
"Species 8",-81.1107584366038,36.2447120070965
"Species 1",-77.5871978925693,36.3758233439613
"Species 27",-77.5777574047425,35.2793504106896
"Species 4",-79.7551366289617,35.1554117165444
"Species 39",-79.4516762567446,36.0675665425128
"Species 14",-77.3515383328163,36.1080477206332
"Species 25",-78.5217695057415,34.132682407982
"Species 7",-76.8879482388413,35.2979546459205
"Species 28",-79.9372894259249,35.273316014604
"Species 4",-78.6823544433064,34.1895424425984
"Species 3",-81.9528243796924,36.2261088101646
"Species 12",-76.969071746557,35.8760795215086
"Species 41",-82.0976555356086,35.6067954278501
"Species 14",-81.6084802339404,35.5630784367063
"Species 27",-78.2945781421186,35.9512191321211
"Species 29",-78.275471555946,36.2669242184271
"Species 32",-82.4695160099724,35.9099683622895
"Species 9",-78.0111364206917,35.4935207388838
"Species 23",-78.9567493753341,35.3400557613353
"Species 5",-83.9588004621483,35.2952484778085
"Species 11",-80.7615633797967,35.1005234914325
"Species 10",-78.0970640789872,35.0751714974157
"Species 1",-78.4223880122868,35.8586275749771
"Species 2",-77.9676063841233,34.6569366862212
"Species 6",-77.0336141466583,36.2396226151961
"Species 41",-77.0464367174664,35.4262075104292
"Species 9",-78.9936594684581,34.3488692485218
"Species 3",-78.6706140316993,34.1602902932547
"Species 5",-76.5221551560051,35.5697367659574
"Species 19",-81.4799972813113,35.9507632021732
"Species 7",-81.5280130636871,35.4685181714251
"Species 16",-79.9474107132393,35.4610871745822
"Species 17",-79.5490690323492,35.1018122768515
"Species 35",-83.4487106718861,35.5043120519371
"Species 35",-79.2355518857576,35.499428360366
"Species 38",-78.2962853268117,34.9962305908747
"Species 21",-76.6843718318362,35.7101647320142
"Species 23",-78.9558164057905,34.7555297936495
"Species 19",-82.5607659868477,35.6252803553364
"Species 7",-77.4728884281032,34.8516575766129
"Species 17",-78.5668305649124,34.6691042833358
"Species 20",-82.8912901969835,35.8799130050855
"Species 7",-83.9822939096585,35.2321048811638
"Species 2",-76.5256288255189,35.9026047090884
"Species 17",-77.6340164416209,35.3574176020712
"Species 5",-82.7247100875353,35.3815546959579
"Species 8",-77.3501573793398,35.738822686043
"Species 21",-79.9130627019064,35.9110197124621
"Species 2",-79.1213588786164,34.9406842765328
"Species 36",-82.6596834656811,35.4361436592395
"Species 17",-78.383537398666,33.9124878577362
"Species 35",-77.3817433784312,36.5234121237032
"Species 10",-81.5980909254915,35.4143551450061
"Species 45",-82.0400763090977,35.4931308261858
"Species 10",-81.2948218108438,36.3506793009468
"Species 12",-81.2386793489655,36.0081458706504
"Species 1",-80.1398983287626,34.9809799512338
"Species 8",-76.7763975268026,36.3205284501544
"Species 1",-81.468519870023,35.2299880637418
"Species 58",-78.0663696462901,34.4745266954971
"Species 7",-80.8592330145753,35.9232453045186
"Species 23",-76.285752001472,36.4528281382967
"Species 25",-80.625327986303,36.0221567053354
"Species 18",-81.8488239959124,35.3455262458301
"Species 30",-77.8377508226464,36.3116987012448
"Species 20",-76.6939946153241,36.3851161379974
"Species 3",-81.2850835692394,35.4499082307876
"Species 11",-79.9531733441438,35.0217696008961
"Species 6",-80.8901287093125,35.4458169661514
"Species 9",-77.8820013194304,35.4853578917087
"Species 22",-78.2578311470547,34.1487875544286
"Species 36",-76.8266177280428,35.8830477153589
"Species 7",-77.8646735368315,34.8408971727429
"Species 9",-80.0977036413044,35.2094872560575
"Species 6",-79.1642892642181,34.7840134337665
"Species 13",-78.2512670312824,34.2761381015687
"Species 10",-77.8129405051878,34.768343897962
"Species 6",-77.1375332477261,35.9534592593953
"Species 20",-80.8672092533452,36.3041131553417
"Species 5",-79.0384702217986,34.4900051851243
"Species 11",-77.9569575147796,36.4094867803105
"Species 16",-82.2362566437358,36.0141334430179
"Species 31",-81.1091907281891,36.2250477987046
"Species 23",-81.4399828335261,36.1164326909251
"Species 20",-80.6305633840753,35.6154218312955
"Species 19",-79.8399840087976,35.5313014307469
"Species 6",-78.8500078408844,34.1310941133138
"Species 34",-79.1330565327752,35.2856748890513
"Species 11",-76.3504868338319,35.6223330341251
"Species 3",-79.2262621276905,34.9359931649166
"Species 10",-81.5461985035939,35.6464090005109
"Species 18",-80.0677347267993,35.2080351803496
"Species 33",-79.0425524690912,34.590436161282
"Species 16",-78.6179930072764,34.4162913540204
"Species 37",-78.1394540373641,34.5041686698486
"Species 6",-81.5389986229038,36.5685747046002
"Species 20",-77.6726657395251,36.5180536112564
"Species 5",-78.0739721480909,33.9383025775426
"Species 14",-78.5579102042771,34.7846435830467
"Species 6",-78.8506361261906,35.6888858797929
"Species 36",-80.1488545287731,34.9724857970086
"Species 11",-76.5544782178614,36.0683317229227
"Species 34",-77.6204584472451,36.4561061605023
"Species 2",-78.8321764448707,35.6869591262996
"Species 8",-78.3729129067038,35.0916610171844
"Species 5",-79.4394052283224,36.5328096188667
"Species 36",-77.915535430112,35.6301073317824
"Species 34",-76.1168405736941,35.5583896699576
"Species 15",-81.1798061847515,36.3746632491124
"Species 43",-82.6374680222162,35.1356839116035
"Species 24",-83.2408973942193,35.1783481773858
"Species 5",-80.8352937322559,35.4891702422657
"Species 27",-80.4249294810642,36.3083916489138
"Species 19",-78.2649111475118,35.6372833009631
"Species 8",-78.4873036745268,35.2670647173428
"Species 24",-83.3743497136451,35.0476225089611
"Species 12",-78.6660833524816,34.2636511836329
"Species 5",-76.8799081498294,35.6721446570917
"Species 24",-78.4790734138622,34.747019609119
"Species 27",-80.7570711990046,35.9152067020872
"Species 9",-83.4523159726538,35.4433750863689
"Species 2",-81.4911671325414,36.2265885379711
"Species 5",-77.8839421640505,35.2595227446953
"Species 25",-78.2332278246976,35.1065966852246
"Species 2",-78.7442893058928,35.4184334726883
"Species 10",-77.2000487309012,35.6399751319822
"Species 10",-76.6823787372882,35.1656911406191
"Species 5",-79.0976747536558,34.5020262505298
"Species 10",-78.8339163226713,34.9054266272255
"Species 32",-77.1299420592764,35.6171065774851
"Species 30",-78.6106680314766,34.5020209987443
"Species 49",-77.0588442947342,35.6191791296713
"Species 2",-81.9145040236672,35.294005610354
"Species 13",-76.9409070369892,35.1457055802102
"Species 2",-79.5282156833347,35.6426078455677
"Species 6",-76.1314440600391,35.6530566964804
"Species 38",-77.5956264837122,36.5011581208579
"Species 10",-77.6910884253609,35.2910191532572
"Species 54",-83.8524239732063,35.0426488569854
"Species 3",-79.068182525551,34.86346600345
"Species 25",-81.3293409779029,36.090679365013
"Species 19",-79.0556450408703,34.7755579862536
"Species 30",-80.5611580720959,36.0921499373664
"Species 7",-81.5899702515618,35.6008906780261
"Species 9",-82.1628258803769,35.6498256302048
"Species 13",-81.0017536208319,36.5567786635743
"Species 25",-77.5168183400238,35.5178421419719
"Species 11",-82.9981994683802,35.7005404587345
"Species 5",-78.7670880434482,35.6388260819724
"Species 23",-77.0393384793916,35.0952812410533
"Species 5",-78.5329767199332,34.3165594884872
"Species 15",-81.367484494688,36.0492951720195
"Species 21",-83.428568455766,35.3846502779564
"Species 25",-81.7635148083845,35.1934451658504
"Species 3",-77.6522333937526,35.3452392184709
"Species 29",-81.8583309145813,35.345742468588
"Species 16",-81.3227698759298,36.3154555115758
"Species 26",-83.8744349546869,35.21070838243
"Species 4",-81.332728895105,35.2753077355321
"Species 15",-82.0979288211675,35.8759687376717
"Species 18",-78.0581346125474,34.2331583849001
"Species 5",-77.4100593338786,36.4434591229251
"Species 30",-80.7660316662956,35.5327641273431
"Species 8",-81.3888507307622,36.1046296744803
"Species 29",-79.6862132368398,34.821429857819
"Species 1",-80.5830302441251,34.8915077605786
"Species 5",-82.0730512326234,35.2983026250294
"Species 20",-77.1242575379781,35.2925924365333
"Species 8",-78.9218493694941,36.4577301379887
"Species 32",-76.6880781166501,35.4347108725982
"Species 17",-81.7599491580224,35.445259332901
"Species 14",-82.0249618412081,35.8158416486168
"Species 14",-79.2886151321494,36.2616106371926
"Species 11",-78.7983749840106,36.2057819548409
"Species 30",-79.1466083667423,35.4119582367931
"Species 22",-81.1255659204251,36.5488706323634
"Species 30",-77.1216085044123,36.5256442435232
"Species 24",-77.2108953609267,35.6596060690247
"Species 26",-79.5035430357344,35.6108605656514
"Species 4",-81.9488155948612,35.2345027467598
"Species 24",-78.6980208189948,35.6485246084054
"Species 20",-79.660359762339,35.3850116692252
"Species 33",-80.9841822977041,36.1954510855527
"Species 8",-76.1049725132154,36.500885444977
"Species 12",-77.7093164988471,35.6562279002821
"Species 55",-78.4718246793141,35.728628156338
"Species 15",-77.1385265806045,34.8048603704485
"Species 32",-79.1807793571609,35.4795223465867
"Species 43",-78.1326470602768,34.3450115682323
"Species 47",-82.8402793081067,35.2990578790006
"Species 26",-79.047492770072,35.3678608125023
"Species 10",-77.851730262063,34.7154387047807
"Species 20",-82.4918635099741,35.3450463710573
"Species 43",-79.8886437396905,35.1598873173807
"Species 3",-80.9515668889438,36.5312637009268
"Species 10",-80.3046447566258,36.2056853253861
"Species 5",-76.7377776725142,35.7277220062862
"Species 6",-77.9155887349893,36.457819335957
"Species 6",-76.3694680792216,36.1509791922917
"Species 2",-79.0793106949271,35.1235492552363
"Species 38",-80.9424404642876,36.3374313478102
"Species 52",-78.5081951751343,36.4430852729557
"Species 43",-79.2935514115229,34.7700374376751
"Species 3",-82.2141995892518,35.933019926302
"Species 14",-76.8627498094383,36.2108158791498
"Species 6",-80.780367715754,35.726489390785
"Species 21",-82.9204352724299,35.4508238000525
"Species 3",-78.8781310151762,35.1506616167566
"Species 23",-78.3819791724086,35.0662660578458
"Species 27",-78.7283223687339,34.7374038016598
"Species 3",-78.7636992983895,35.6952706612126
"Species 1",-77.1929499250944,35.2649211704814
"Species 4",-83.7693038117789,35.540349438093
"Species 19",-76.35597207912,36.5103508899329
"Species 4",-81.4240371150941,35.658430689598
"Species 14",-82.3226827542458,35.8031277510217
"Species 8",-80.914583378777,35.7670321200811
"Species 17",-80.9809016013427,35.1114636563278
"Species 18",-80.159164356801,35.1293721395266
"Species 2",-78.3058727870443,35.4012892312916
"Species 16",-78.259881442154,33.9375433207847
"Species 39",-76.9408414257458,35.8547662697031
"Species 8",-77.8267320232349,34.3290528095911
"Species 10",-81.6965699314519,36.0508014586175
"Species 33",-82.2782991335888,36.0479934295598
"Species 44",-76.2163318211066,35.3761531660423
"Species 12",-79.3903367799089,34.7751053056989
"Species 32",-79.166164687527,34.6913290693578
"Species 2",-75.722546937854,36.1049908901621
"Species 9",-78.0297734883389,36.4676923482641
"Species 9",-79.2491885099886,34.5655456357859
"Species 5",-81.7431123191239,35.503598681373
"Species 1",-79.341410487469,35.638492497403
"Species 6",-79.6018199022506,36.4633389583336
"Species 19",-77.7753326962259,35.4102512984844
"Species 32",-77.4385984761453,36.4740774271725
"Species 6",-81.5396509408234,35.9637036586754
"Species 18",-82.7325088140447,35.662015731514
"Species 1",-81.5024944148337,35.3655748107656
"Species 8",-78.7383283589613,36.2167411762906
"Species 7",-82.8568239776465,35.2179136308228
"Species 16",-78.4708324695128,34.1567046271014
"Species 41",-78.5313066174324,36.0185041912441
"Species 29",-82.3422737562324,36.0701823483912
"Species 15",-80.3633671085009,35.4545354035396
"Species 42",-81.2025451163817,35.5733762235141
"Species 18",-82.1765420304474,35.2236924872222
"Species 3",-77.9954915713377,34.0581689051247
"Species 34",-78.8349649237476,35.5982403658813
"Species 48",-81.3856721188148,35.3652105081287
"Species 9",-79.1341744941909,35.506294470387
"Species 6",-77.0399316355038,36.4280350466796
"Species 29",-80.6247322475262,36.2192337414016
"Species 1",-80.5764584691315,36.2665549491385
"Species 21",-79.081492134063,36.3372078398307
"Species 5",-78.260773768277,36.0091432147904
"Species 3",-80.2763780988997,34.9029759249232
"Species 19",-80.3381197880792,35.0829269412542
"Species 5",-83.2967685792779,35.4628023341757
"Species 22",-75.972475637264,36.3614140703729
"Species 12",-79.1718760140354,35.7651212551073
"Species 28",-81.080869958374,36.5630349752703
"Species 3",-76.1918390784993,35.9675048161187
"Species 9",-77.544803817619,36.0374947407534
"Species 24",-77.6417762031321,35.6246648114263
"Species 12",-82.1353921722604,35.5882835826566
"Species 16",-82.4492585401194,35.4824159055644
"Species 12",-78.5829027575269,36.0806541855712
"Species 5",-77.3946726333151,35.3870774534871
"Species 15",-78.7975937351772,35.9098755001618
"Species 15",-81.5949065680959,36.0569945363725
"Species 11",-76.4204369167023,35.8494557349388
"Species 11",-76.912094945674,35.0833077407492
"Species 27",-76.4367967843022,35.7121737054102
"Species 5",-78.4200765191599,35.8178215893547
"Species 18",-77.4319455154701,34.7959460271903
"Species 3",-76.9611126471011,34.8889208564502
"Species 9",-82.6390026679814,35.7781837231671
"Species 1",-81.2009268426549,35.6791103942206
"Species 13",-79.0893592278968,36.213760405513
"Species 3",-77.6229732957951,35.9322013198417
"Species 11",-79.2072052232325,34.593542143505
"Species 9",-79.5571036587465,35.0773306897469
"Species 2",-76.6665143346001,35.5017818508776
"Species 26",-81.0067119488533,35.7502493957477
"Species 27",-78.9794660766421,36.3281512918803
"Species 41",-77.7212512895175,36.2273494088518
"Species 1",-78.8448891172073,35.6815668945763
"Species 28",-84.2015437570029,35.0490196807632
"Species 35",-82.4705654327119,35.6105880730832
"Species 35",-80.4762722041567,35.3116748200909
"Species 39",-80.1219453782225,36.4417800968476
"Species 11",-81.60566424793,35.6905239726837
"Species 27",-78.1297365396562,35.4929516012593
"Species 3",-79.7641525915434,36.4683573700328
"Species 26",-81.2894355573785,36.1494174027149
"Species 7",-81.0593521481677,35.8422899920159
"Species 4",-79.555704771131,36.5224657582261
"Species 21",-79.0584591069141,35.7796586897504
"Species 23",-79.1994759747378,35.8004442744003
"Species 36",-82.8464458153259,35.7802701727099
"Species 9",-81.0147916325298,35.8895577680443
"Species 32",-79.3113198512146,34.9811889971515
"Species 45",-77.0288912787906,34.8780256499592
"Species 15",-78.086330933435,35.7627872185827
"Species 2",-75.7385228431147,36.0590302928612
"Species 36",-82.7410074695148,35.2596084076341
"Species 42",-77.7053681165759,34.7131087211815
"Species 22",-77.6459379122654,36.424791301598
"Species 19",-76.0244105771301,35.469700507584
"Species 19",-79.2063166338186,35.6667944502594
"Species 24",-78.9193151705718,35.228321503861
"Species 21",-77.0133818675919,35.4247241017267
"Species 41",-77.5407450930131,36.2799226047354
"Species 12",-77.6339903982039,35.0836187178041
"Species 4",-76.7160895777924,35.8585831319278
"Species 9",-79.9016511310188,36.08648903744
"Species 15",-78.7030787519896,35.3474992663366
"Species 5",-81.7491765685127,36.2388971405711
"Species 43",-79.1138432171083,36.4073241424179
"Species 4",-78.5387050536291,34.7388858387597
"Species 50",-80.1444588975238,35.8344005034446
"Species 3",-78.8198397907537,36.0001857357484
"Species 4",-79.4524152766367,35.8892985751376
"Species 23",-75.8597882823288,35.6527966301996
"Species 2",-77.8421611447364,34.223188246842
"Species 6",-78.7387495418131,36.0379875287081
"Species 4",-79.7213674916672,34.9530678748505
"Species 27",-78.4530882379152,36.0346844178403
"Species 14",-78.723369400103,34.7827864510378
"Species 11",-77.8122159511081,35.0796131086707
"Species 27",-78.3993367144887,35.247316576633
"Species 4",-78.6347600110052,36.4824570723449
"Species 1",-79.1494496550213,35.668167267666
"Species 44",-77.7557907173847,34.686629107635
"Species 38",-78.1593385836532,36.3906911736018
"Species 26",-76.0436104282576,35.6841179225837
"Species 19",-79.9353109891859,35.4280707095874
"Species 50",-78.6633334298357,36.4701232225332
"Species 18",-78.3993623057846,35.4366101074312
"Species 12",-77.4180746429353,35.391652892768
"Species 34",-78.4807353451506,36.019140226194
"Species 7",-82.2265524701828,35.3952116539661
"Species 25",-76.7290972602125,36.4738988287291
"Species 10",-76.4803428722037,36.4106278539418
"Species 7",-76.9506589949996,35.7934451988603
"Species 18",-78.4895264590066,35.9916966171852
"Species 19",-77.6711871732985,35.4309113360935
"Species 19",-80.5721603990203,35.3137545960623
"Species 45",-81.6358447179732,35.5838937277393
"Species 6",-77.002720691882,35.6624478141146
"Species 7",-80.5141196538446,36.0251118245536
"Species 7",-79.6747752467999,34.8836517252832
"Species 7",-77.2596339405097,35.4428054269544
"Species 32",-84.2045471420693,35.1897961762649
"Species 37",-78.4543734366738,34.9978230581418
"Species 16",-81.2750984901314,36.1981799907607
"Species 1",-79.4397174809439,35.4100516612363
"Species 28",-80.4420238081196,34.9044431793798
"Species 1",-80.1543164619514,34.9637453027832
"Species 18",-77.0364091823242,35.7609439423512
"Species 2",-81.1341105415455,35.2221152113257
"Species 35",-80.3367963510194,35.7866591471117
"Species 31",-80.7991713539171,35.6588982970579
"Species 18",-83.8193695197121,35.1913456031625
"Species 6",-78.5144807884064,34.0534387915543
"Species 46",-80.9012940331376,35.9036019953316
"Species 7",-83.2776602052655,35.1355734928285
"Species 18",-80.4958143378338,35.2878372637548
"Species 10",-78.320417778409,35.1196593591592
"Species 3",-80.6712550164434,35.1948934285099
"Species 34",-82.2776581001177,35.4741386927796
"Species 21",-77.0440126936558,35.1855901094515
"Species 7",-82.0686360590051,35.966584912455
"Species 47",-82.6292117325859,35.3221388317467
"Species 35",-76.2639551726456,35.5586882767177
"Species 28",-78.8263621276413,36.0244003838548
"Species 2",-81.5181999495815,35.6331864599412
"Species 1",-78.009832053235,36.2665022218865
"Species 16",-77.1357179462079,34.8422620999451
"Species 28",-81.8783991851517,35.8077214774614
"Species 42",-78.1767905302812,35.3101265846469
"Species 8",-79.5000125083729,35.8131086600532
"Species 26",-81.4619805383349,36.3938440494615
"Species 49",-78.7161713010593,36.4962749490734
"Species 12",-77.4073574537502,36.153882220685
"Species 18",-78.0448368665383,33.9275902107228
"Species 7",-80.778610929861,36.5274588041878
"Species 13",-81.519037633044,35.6808660163595
"Species 7",-81.1656266765644,36.1980889738286
"Species 33",-78.522315891056,36.2560094542225
"Species 29",-80.986099256289,35.709016137041
"Species 20",-76.7482216236236,36.0632596510682
"Species 28",-82.135775267518,36.0399296052671
"Species 54",-78.1593179780769,35.0157406726071
"Species 48",-78.3766905956924,35.5846999715678
"Species 5",-81.2686275980244,35.675091678156
"Species 13",-80.980055713636,35.9409435197319
"Species 10",-77.7855518378346,34.8368689632746
"Species 9",-79.0921302392073,35.9816094147007
"Species 23",-79.8047348725273,35.7574579332722
"Species 5",-82.8511395430564,35.3721599851273
"Species 32",-83.3137944626231,35.2409428425438
"Species 26",-77.2197698550067,36.1092633013022
"Species 29",-78.9362552252196,35.3784399631447
"Species 36",-77.1848115276027,34.9056555552186
"Species 3",-76.1526706030645,35.7174955361381
"Species 8",-80.2918783210973,35.5896360545315
"Species 18",-81.0314227604335,35.2824110929911
"Species 13",-76.9948710160671,36.2282866873641
"Species 6",-78.8227223067011,34.5430003175981
"Species 26",-81.2651009394988,35.247704614521
"Species 17",-82.9300079096951,35.5829210955665
"Species 31",-81.4709321097809,36.4115399432388
"Species 19",-78.0475327101268,34.6967215544625
"Species 41",-77.8830570202539,34.4397283907123
"Species 3",-79.7707084390727,35.3310538853261
"Species 15",-80.9893208362616,35.9592962805903
"Species 23",-80.9877511376881,36.4448972499999
"Species 48",-81.0849988691112,36.0442280934079
"Species 30",-81.1500038634715,35.7364794182653
"Species 15",-79.4787799350011,34.713501383197
"Species 19",-78.0600849000996,33.9911220739527
"Species 32",-76.5770654060721,35.9216111596758
"Species 5",-80.3789472735631,35.4760727171654
"Species 15",-77.0426903156744,36.3867392199236
"Species 36",-80.8725185078946,36.2375197854536
"Species 19",-77.2318456868314,36.0451471777338
"Species 23",-79.8410007590743,35.0521628679009
"Species 2",-80.1773741617024,35.3146731903791
"Species 2",-78.1655314997024,35.106894680396
"Species 1",-78.2273863017489,34.2029458228461
"Species 12",-82.4015444237109,35.5553300310322
"Species 5",-76.6782542177002,35.7804229534288
"Species 58",-83.195510599307,35.6827391740428
"Species 12",-77.3371305137702,35.2373595012502
"Species 12",-79.1062658420952,36.466331647326
"Species 36",-79.5881375786872,35.4930252227185
"Species 4",-78.037821601985,34.7592118547085
"Species 10",-77.9752518333046,36.0826876684826
"Species 3",-78.1038443644107,35.2924049654693
"Species 6",-81.4009674743899,36.1416857122749
"Species 31",-78.1486150998681,35.893115939605
"Species 1",-82.1023512473045,35.5783958373113
"Species 22",-82.738031368618,35.357332862014
"Species 8",-77.9069424320284,34.6391854437203
"Species 17",-78.8830498249186,36.3877562529063
"Species 46",-79.3846146396534,35.3089842390354
"Species 16",-77.5480460155548,34.6568145106844
"Species 14",-78.3848081481281,34.3899968030064
"Species 16",-79.733896501657,35.4775727558747
"Species 24",-76.7084405364157,34.8211759892533
"Species 4",-77.3939944742976,35.6979703571426
"Species 33",-79.4581661358754,36.1442908155327
"Species 20",-81.8180261410181,35.5115548831598
"Species 30",-79.9217424845417,35.45153917442
"Species 9",-76.5875351941504,35.9331238023455
"Species 50",-81.9358895750176,35.6394624135256
"Species 28",-78.7058324175379,34.3065025273969
"Species 15",-75.48472087135,35.6433001599257
"Species 32",-76.5581529656766,34.7675274717511
"Species 39",-80.0506964400574,35.5575225394112
"Species 16",-78.3904255738218,36.2773681720037
"Species 27",-78.9458662927826,34.8734027054632
"Species 35",-83.8943355791474,35.0367009239088
"Species 14",-76.8116152210403,35.7890445044582
"Species 18",-79.4900453943711,34.6758275193885
"Species 10",-81.5134754342586,35.5448320451014
"Species 30",-79.5449031612239,35.5775118360835
"Species 33",-78.5574553043357,34.3360819309701
"Species 22",-78.6676727358733,34.3981145751878
"Species 5",-77.0030813730787,34.7888463361112
"Species 14",-79.8476890595205,36.3339802379736
"Species 3",-81.7189831686303,36.4006828805257
"Species 2",-79.0991043813806,36.5210724194521
"Species 1",-83.140547853639,35.6623040890264
"Species 56",-79.7288609744652,35.0478071109137
"Species 19",-80.1279015974945,36.023723931958
"Species 22",-79.6247355141558,36.1089931413231
"Species 34",-84.1803530327081,35.189223015748
"Species 16",-83.4087157024711,35.1956397754879
"Species 15",-80.1942908299192,35.0302096624692
"Species 42",-79.5960644784463,35.2842415027645
"Species 5",-82.785595091777,35.1666643082755
"Species 23",-79.2229821993156,35.0789125189482
"Species 15",-82.0341660864433,35.6431357694735
"Species 15",-78.9988392594578,36.176125076761
"Species 18",-79.4016814471885,35.2720142910798
"Species 8",-77.0509256879918,35.7505522689775
"Species 9",-79.462633995027,35.9839620375063
"Species 4",-77.2560937864774,36.1838012309526
"Species 16",-82.9927858502307,35.5741631120192
"Species 3",-82.6377933409325,35.5524116658023
"Species 18",-80.5650526292408,36.4639722646944
"Species 14",-80.1698464518882,34.8653866407742
"Species 7",-82.8529521917176,35.6482610612809
"Species 12",-77.1177756194827,36.0291626147757
"Species 9",-78.60918785702,36.5385333589862
"Species 32",-76.9110882638669,36.2192303589532
"Species 7",-78.6074729862673,34.6919103357778
"Species 21",-77.5449686787452,35.8207053651554
"Species 18",-79.8356441928335,36.0526539924921
"Species 10",-80.8697512725183,36.2494176063033
"Species 11",-79.5009521131556,35.8769370236514
"Species 8",-77.6726178456503,35.2444791043611
"Species 45",-78.4484919020355,34.7351574700551
"Species 13",-81.7292030699677,36.1470782927619
"Species 16",-78.0621072483313,35.5769332542633
"Species 1",-77.7725224701151,36.1937566177644
"Species 1",-76.7522116464592,36.0469861974973
"Species 56",-80.32097813901,36.2792826069132
"Species 4",-76.2814534152408,35.8911666714566
"Species 31",-79.2409497106341,34.5538471854655
"Species 32",-77.7503840111147,35.6751037942187
"Species 23",-80.5404096874452,34.9669188272808
"Species 16",-79.0848297605289,35.2009169053685
"Species 22",-77.7099703031923,36.1130742803736
"Species 18",-78.4212174004341,35.6261959984811
"Species 6",-80.4553899937098,36.0071627860225
"Species 2",-78.5099669512177,34.2442977265743
"Species 1",-80.9906215846846,36.2807038625851
"Species 1",-77.8408585197009,35.7886234300338
"Species 3",-81.3211170572568,35.6085356617192
"Species 9",-78.4317328940382,34.4557904954578
"Species 53",-82.9677331731258,35.2239931057512
"Species 30",-80.1567104248666,36.4899789363339
"Species 12",-80.6920771195509,36.3452359890859
"Species 11",-79.2958671409631,35.6744011283702
"Species 50",-79.5880452881669,35.0447991553157
"Species 6",-79.7536752206295,36.5248257395089
"Species 10",-76.7025773983599,35.0557652809089
"Species 31",-82.9826086464716,35.53503773321
"Species 47",-78.5797606786201,35.6253740785196
"Species 11",-81.430268323121,35.8966158333107
"Species 33",-77.1054392337481,35.0298786673628
"Species 2",-79.2266329929677,35.8807898241261
"Species 31",-81.9766628823491,35.3864721157245
"Species 45",-80.7660167875873,35.3683292979263
"Species 8",-80.3744346255148,35.0768854926567
"Species 18",-78.7004930917707,36.5126087115438
"Species 13",-80.3303914458913,36.4501517855717
"Species 8",-81.7691487664352,35.292860517402
"Species 22",-76.9911044257238,36.2673403652022
"Species 18",-77.23278234973,35.0239567800436
"Species 27",-79.0365558809746,34.7916109939096
"Species 9",-77.2106792532099,35.1687227608491
"Species 14",-78.2882918785352,35.2379341137218
"Species 17",-83.3165945810391,35.4405336118656
"Species 14",-80.9925469518971,35.5826276992955
"Species 19",-78.4406421188676,35.6629610812749
"Species 10",-78.2184318193858,35.1081425789517
"Species 36",-77.3777147250431,34.9583283249457
"Species 21",-75.79158488385,35.7391655069674
"Species 31",-81.2399798806181,35.9252889661202
"Species 3",-81.5867616220731,35.6408883592395
"Species 20",-78.1850018286957,34.5074563513958
"Species 10",-78.1494421058394,34.2134740160899
"Species 37",-81.969542335502,35.2295323142081
"Species 32",-77.5900539315589,34.6696984909014
"Species 35",-79.2148945921643,35.4228112406685
"Species 21",-78.5090746065144,35.8189776616318
"Species 21",-82.2488767716211,35.4652183913574
"Species 12",-76.5449975366706,35.5997768741141
"Species 40",-80.340785603804,35.8099522283146
"Species 24",-78.7561733888019,34.4326278192012
"Species 13",-76.4008011898179,35.4675988175714
"Species 25",-76.55928441847,36.4323249865477
"Species 4",-78.0521380615914,36.4627534964523
"Species 31",-76.8812177713881,35.145673376473
"Species 18",-76.6547988866869,35.0868935250485
"Species 6",-77.7527425950337,34.4981832884343
"Species 30",-78.9114670410526,36.3930660374292
"Species 2",-79.8015309892785,36.3595005357391
"Species 17",-80.1960919959418,36.4185361444508
"Species 11",-79.4238211159742,34.7155743431066
"Species 33",-81.468458113164,36.5634505122159
"Species 6",-79.428271536462,34.7959764616873
"Species 6",-78.9590509465695,36.0301446394382
"Species 40",-78.2791223041796,34.520883705573
"Species 21",-82.3501828932043,35.7687113973415
"Species 25",-83.6105971795371,35.2256863160695
"Species 39",-82.9791029733866,35.5901600617703
"Species 12",-80.1807312562161,36.2006444113667
"Species 5",-78.2197676330041,34.0120308026843
"Species 26",-79.1246641732588,36.4022002819472
"Species 8",-82.6874613969586,35.4251435465268
"Species 12",-81.3669052222049,36.0395897560335
"Species 39",-80.6676407331226,35.1143862583007
"Species 12",-77.7960599529867,35.9120677537446
"Species 18",-78.5514214213853,34.2473280902293
"Species 10",-82.4615410264064,35.3686113188997
"Species 4",-79.2637106103974,34.4862427269121
"Species 6",-76.4542394304472,36.5138772986882
"Species 43",-82.1026781267678,35.8081739088023
"Species 6",-79.3108062044263,34.869682196978
"Species 15",-81.4494598771028,35.3554361866669
"Species 8",-79.1431063766898,35.4271077649692
"Species 11",-77.8231641184605,34.5876170898011
"Species 27",-78.9253400606467,34.501772082861
"Species 10",-78.1708955104586,36.3205347892953
"Species 35",-77.4741741966583,35.6670783608669
"Species 3",-79.2710753914388,36.0346269067397
"Species 7",-78.8042953824876,35.3302975221758
"Species 31",-76.990153550944,35.0997244661456
"Species 2",-83.8242772762278,34.9926058454661
"Species 6",-77.1102290547713,35.481560420786
"Species 31",-78.3602514252167,34.6857184379439
"Species 32",-79.0981367781182,35.1380206415037
"Species 6",-83.8404266370456,35.4361445072914
"Species 22",-81.0444999766093,35.264089388347
"Species 4",-80.5404323203411,36.1607079107069
"Species 26",-79.5729251966335,36.2976402578544
"Species 45",-76.410449682277,36.4516544594042
"Species 16",-76.2062549944365,35.4796652326336
"Species 7",-80.8414369149785,36.1000494377386
"Species 39",-78.4949411238475,34.5171479398056
"Species 46",-78.7118994642973,35.3494428921594
"Species 35",-77.2176879960705,35.8561967200919
"Species 11",-78.1364160516105,34.6168985618656
"Species 28",-80.2891193188678,35.7836768227967
"Species 20",-78.6363517912584,36.3955440354969
"Species 22",-81.539997234658,35.4551205245045
"Species 6",-80.2055529819919,35.6553121575482
"Species 6",-78.0209365781199,36.2283835202628
"Species 24",-79.7642859053486,35.9890669797358
"Species 45",-80.2758133004868,35.4609494303858
"Species 35",-81.6512213252933,36.1250558943
"Species 20",-80.1707516995924,34.8583523082919
"Species 22",-80.9986315880273,36.350559059418
"Species 10",-79.4733357852547,35.9564054253979
"Species 22",-80.770336788671,35.117483600122
"Species 35",-78.0924190110537,36.2993171655433
"Species 11",-78.7145422755199,34.3762221188316
"Species 2",-80.5851686801396,35.9871321023187
"Species 17",-75.8827505907104,35.681729250213
"Species 16",-79.1407198046135,35.4041526573733
"Species 5",-78.7959992380682,34.420287303736
"Species 4",-77.8840449875485,34.3056149446869
"Species 7",-79.0090560516881,35.3928322320687
"Species 7",-81.5032385628945,36.5579194491347
"Species 32",-78.9946875527308,36.0030698806043
"Species 36",-81.5501674233136,35.935144025161
"Species 1",-77.3258325759987,36.0346033062341
"Species 6",-76.7508301066703,35.1292718938784
"Species 3",-81.1079734260535,35.8591813192401
"Species 28",-78.0919264033824,34.1882467580302
"Species 21",-78.4012574737815,35.8077881209111
"Species 30",-79.5816918938828,35.7815371788326
"Species 57",-78.0025202839147,34.5750900521995
"Species 5",-80.5032151605696,35.0178144025964
"Species 39",-81.6927772811758,35.5808624575653
"Species 32",-79.5396681722187,35.4041852331404
"Species 22",-82.9597828910646,35.6491781988628
"Species 6",-78.4148130258773,35.3013117892903
"Species 19",-79.70063472068,35.9623415286825
"Species 20",-80.8366215274333,35.6097881857883
"Species 22",-78.3125026585736,36.521301699474
"Species 53",-77.156983658615,35.4846185831411
"Species 14",-79.6512290456286,35.4708988944595
"Species 2",-75.8627508608807,35.7509318550048
"Species 31",-82.5023340433298,35.6420202847557
"Species 52",-76.3439851809708,35.4380831512588
"Species 1",-75.7436197369787,35.6521783663808
"Species 7",-77.4040657310003,35.8996617139875
"Species 28",-79.9953192974837,36.376073878018
"Species 1",-79.5766474171696,35.7788280007826
"Species 10",-81.0850607271297,35.7003085383339
"Species 5",-80.5239044866368,35.0726893002311
"Species 24",-78.2237385243023,34.5039374307165
"Species 3",-77.3580289407086,34.6955579949917
"Species 22",-81.2614417991534,35.6759033677866
"Species 14",-80.462037493835,36.111480923802
"Species 11",-80.4877665999231,35.9768288434308
"Species 22",-78.413610034718,35.7462736656181
"Species 49",-76.846349484221,35.7781364952765
"Species 9",-76.7886136317951,36.0987953141005
"Species 12",-78.1174713082943,34.2713528994756
"Species 9",-79.2492011115754,35.8604630632926
"Species 27",-78.9644813572005,35.2505355178378
"Species 16",-78.4997279348587,34.6953382790428
"Species 5",-80.1339735866193,36.2216963252254
"Species 23",-81.2667304089014,35.5199869577812
"Species 11",-78.5163932629404,35.812704615348
"Species 20",-79.0937710962824,36.0585561073458
"Species 5",-78.0671575468785,36.4167926333086
"Species 18",-77.644054906121,34.625963686911
"Species 41",-79.9181092596156,36.0522086006633
"Species 23",-77.098476456538,35.4794256222828
"Species 22",-77.9766260132218,35.3235663569464
"Species 23",-77.002872945228,35.0463306950057
"Species 5",-82.7421423307649,35.5733051540149
"Species 12",-79.5790577514123,35.8369109203202
"Species 5",-77.9585955765485,35.5724694850695
"Species 7",-78.8486511202758,35.9436608100207
"Species 28",-82.4712928316452,35.4524475536044
"Species 8",-78.2789939699005,36.218224332734
"Species 43",-82.1217334560274,36.0506908038444
"Species 15",-77.9826901036456,36.4394963017233
"Species 14",-80.8981876181253,35.0997582080128
"Species 12",-81.0731331889781,35.1588725085363
"Species 35",-79.6824761603046,36.0461619742801
"Species 11",-83.0860665860297,35.0165238291921
"Species 52",-81.842937331041,35.8561219116068
"Species 14",-82.5979135199619,35.1655715430316
"Species 10",-76.7028315585748,36.1963658258416
"Species 44",-78.2301428658273,35.9747549748475
"Species 1",-80.4070709908131,35.6256104433737
"Species 43",-78.5028717685736,35.4208222020385
"Species 36",-78.2728162546185,35.9630274503872
"Species 29",-78.1180140993488,34.5970042454497
"Species 16",-76.6499994245415,35.53680175402
"Species 35",-78.2016656848032,33.9892748782698
"Species 27",-78.433700077296,35.2394287958141
"Species 32",-83.4887455518313,35.1205807279693
"Species 32",-76.2034364402128,35.8774257817796
"Species 29",-81.9678284742801,35.2854803689387
"Species 26",-77.2340803689102,36.3042489633985
"Species 20",-83.3192410236823,35.5347649049493
"Species 21",-80.1632911246079,35.2151831886497
"Species 22",-78.4579308311798,35.0812463293143
"Species 35",-79.1605766208054,35.789745374474
"Species 3",-78.4650676151632,36.2237184561513
"Species 16",-79.459673350893,34.9619672573113
"Species 13",-76.2827860144634,35.4386289552353
"Species 25",-76.4843847630385,36.340260561053
"Species 5",-81.4912701913901,36.1897991763472
"Species 37",-80.7795528055719,36.2580352498734
"Species 5",-81.0850493146835,36.2340715967433
"Species 13",-78.4049141284928,36.4097927640047
"Species 9",-82.8914433029598,35.757606860791
"Species 39",-80.8407301773624,35.7509699291718
"Species 4",-81.6950744282302,35.2211386243719
"Species 7",-80.6917228093399,35.8944726344819
"Species 8",-82.0453513965007,35.2808279198613
"Species 27",-81.7700796611762,35.2870121039253
"Species 17",-81.1407409766779,36.1278998131261
"Species 36",-82.8568869608067,35.8728353717983
"Species 11",-79.9456709180179,35.8479617441862
"Species 7",-76.2957268882416,36.4890271171362
"Species 6",-76.6432349674872,35.6755894371379
"Species 7",-76.8161729181097,36.0948855270638
"Species 11",-78.111803723991,35.352468306297
"Species 52",-78.1028772359787,35.7704347699837
"Species 20",-78.9811483100282,34.9128699162738
"Species 41",-79.3879075536084,35.0154925851266
"Species 19",-81.5270201437047,35.9906410728579
"Species 15",-80.4561468589682,35.1480866544649
"Species 2",-77.1571799535159,35.720072039643
"Species 7",-82.1859990093416,36.1435531888274
"Species 33",-82.2580374274225,35.4477044268008
"Species 11",-82.2650132067286,35.4346611885288
"Species 45",-81.783019067109,35.727256040541
"Species 16",-77.8848231252103,34.2210835209699
"Species 56",-76.4697011975732,35.5878707861867
"Species 4",-78.0096866911237,35.8683594444491
"Species 11",-75.8484019166793,36.4142529580014
"Species 24",-80.0954981922645,35.1501281066713
"Species 11",-79.9883536444527,35.7481391866584
"Species 5",-79.3102535492856,35.0992251162114
"Species 48",-77.1454448538162,35.6880000877785
"Species 25",-79.7906812150496,36.1798662342006
"Species 15",-78.4857059960539,35.8986207542579
"Species 6",-79.1649763046291,36.5455303026906
"Species 17",-80.6282959696639,35.9996876714769
"Species 23",-83.7360934776469,35.4865670377382
"Species 18",-81.9711269437511,35.3589451889869
"Species 22",-79.0536567586255,34.5000765607232
"Species 20",-78.5387623450175,34.2994391565918
"Species 5",-78.8857750605109,35.8634768248439
"Species 19",-80.2887076243668,35.490168640685
"Species 35",-77.539985537737,34.8354272001467
"Species 5",-78.3400288801742,35.0998633190814
"Species 28",-78.4646616454656,35.9143733270032
"Species 36",-80.5676509653677,36.4403018412318
"Species 17",-76.518709270265,35.8854944948406
"Species 30",-78.6268100757767,35.8312736139741
"Species 6",-79.1655859311638,36.0776513589267
"Species 7",-78.897003706071,35.2129542298078
"Species 1",-83.147831634802,35.2490698942591
"Species 14",-79.7866174386609,36.0772282392906
"Species 1",-77.9385714177253,35.6711990990715
"Species 46",-78.5344853718289,34.302242221552
"Species 39",-78.912249274643,35.1018795898919
"Species 7",-83.7509173493116,35.5260764598456
"Species 26",-77.9262668125981,35.9648976628094
"Species 9",-83.2294128749259,35.2156211531183
"Species 14",-79.2169247110993,35.8968486675207
"Species 21",-80.0572404209548,35.8531161649461
"Species 17",-79.247332913947,34.5023558828865
"Species 2",-79.316672726165,34.751727318063
"Species 7",-82.5133398633546,35.6648741016259
"Species 26",-76.9942240534091,35.4044195510146
"Species 20",-77.8285221731915,35.4906551831225
"Species 5",-81.5264116897947,36.2863987738361
"Species 5",-81.15689721015,36.364818231867
"Species 40",-82.3148129662654,35.4187772341886
"Species 6",-78.6722127424123,34.8991889998401
"Species 39",-79.3120697344012,36.181324060124
"Species 15",-83.031206876501,35.0631462781071
"Species 14",-76.1670322644635,36.3785119930486
"Species 8",-77.5124624500172,35.175472468362
"Species 4",-80.1228346282701,36.4508367540895
"Species 7",-83.753559565964,34.9954763325821
"Species 3",-78.1590332263953,33.9070120407047
"Species 10",-78.8955350101239,36.336908727424
"Species 10",-80.0466444807529,35.7887602102048
"Species 3",-80.1289718983216,35.2089231770435
"Species 53",-79.0102697058873,34.3549249814039
"Species 36",-78.0051382676991,35.749057042337
"Species 8",-81.0466301092847,36.3910011358378
"Species 35",-77.9485675459311,35.5393900587101
"Species 1",-81.7485582814838,35.8648000765788
"Species 8",-78.0660929791128,35.7834174475206
"Species 7",-79.5620660744386,36.4656264140478
"Species 49",-83.5632656918138,35.1960305043297
"Species 12",-79.0301560069845,35.477429040234
"Species 18",-77.6151014268187,36.0947035359747
"Species 37",-78.692035319201,35.1540779005651
"Species 10",-76.5304028470755,35.5531140246985
"Species 4",-81.1268307696029,35.6243603407093
"Species 36",-80.8611511148176,35.9448264959284
"Species 18",-80.9032274291134,36.0278658175517
"Species 6",-77.1482973253842,34.8977281156039
"Species 39",-79.0351146715162,35.3543851410249
"Species 41",-79.9805002071551,35.5503593936777
"Species 7",-80.0101682422598,34.9035621157717
"Species 12",-78.2579233715116,35.1212438196285
"Species 25",-79.6735789548786,36.2812323088455
"Species 7",-82.8586622403128,35.8185420580577
"Species 4",-79.1843479308269,35.8994231287727
"Species 29",-78.2577876732319,35.9053378762454
"Species 2",-77.4627430276607,36.3306002137606
"Species 6",-80.8123478426849,36.0725732588075
"Species 18",-79.2829203421269,35.7922822924577
"Species 12",-78.7832852465287,34.4188516105542
"Species 26",-80.1055215571568,35.8185979962474
"Species 17",-78.7819244155401,34.1209982116541
"Species 18",-77.7807496629622,35.7458160380756
"Species 10",-83.8170035036645,35.4927934797683
"Species 45",-78.1648957884611,34.396209498252
"Species 33",-77.7937793651275,36.2260223497817
"Species 29",-78.54313046294,34.0656356601267
"Species 5",-80.3732309117875,36.0567360751429
"Species 28",-77.6686204484915,36.3357286285359
"Species 6",-79.576787409568,36.531527518923
"Species 6",-76.5992835808442,35.73355274691
"Species 1",-77.9792339450524,35.9146719303077
"Species 2",-80.0364151096451,35.3754013695371
"Species 10",-82.8744006519069,35.748165020659
"Species 12",-82.7325578371902,35.1597828278596
"Species 26",-77.4417090304403,34.8000806635111
"Species 22",-82.6668962555655,35.9503476257846
"Species 6",-76.2764871472288,35.8893402333756
"Species 20",-78.7073114358857,35.1160688684308
"Species 20",-77.7228272001118,35.2543419194379
"Species 43",-78.1336238277666,35.3501888470852
"Species 32",-83.7977280161781,35.2587506744529
"Species 16",-77.5064849067299,36.2266403536751
"Species 13",-78.6554977573897,35.5939357315894
"Species 4",-82.4099855751511,35.3456006580657
"Species 26",-82.6369268455851,35.2172700807421
"Species 5",-78.1988513689572,35.1119008335259
"Species 9",-82.8131879754415,35.6802110128223
"Species 3",-79.9241699188734,36.1516537266447
"Species 1",-75.862699213781,35.9139232032515
"Species 15",-76.3963748659424,36.2134454092653
"Species 24",-79.7755661051068,35.3186043291896
"Species 13",-78.9439849444158,34.2943903539447
"Species 29",-76.4060229227962,36.0919407221876
"Species 13",-81.8293751498994,36.2888945669261
"Species 28",-80.5636260321728,35.6921251961601
"Species 22",-81.3471092111467,35.4511831882343
"Species 7",-82.8987135039724,35.2147535679131
"Species 44",-78.9798737123751,36.4431478817618
"Species 22",-77.4497491153232,36.3456836373054
"Species 4",-77.7263004505361,35.1127376743698
"Species 37",-78.2092548294175,36.4849081168263
"Species 16",-80.7762625836991,35.5623257932122
"Species 1",-78.3709547885783,34.9830587226614
"Species 26",-79.0670647623255,34.6277860499984
"Species 33",-78.0019059524297,34.0310343462459
"Species 5",-79.4048879131019,36.302795431185
"Species 3",-77.0078311308002,36.1534321627276
"Species 46",-77.5673631291543,35.8491781632567
"Species 37",-82.4246195786415,35.6267919905461
"Species 6",-75.9889817526372,35.8516989282161
"Species 6",-83.507298153338,35.4636237881424
"Species 5",-78.2977135362386,34.609317272003
"Species 18",-81.5396042587984,35.8506427714066
"Species 19",-78.6983656883381,36.4747908793448
"Species 26",-80.2921387738476,35.7504678894929
"Species 16",-78.3512900598769,36.0155351242229
"Species 8",-76.8233145536215,35.7923361435007
"Species 34",-78.7764774230046,35.6072803429615
"Species 10",-81.5930072443004,35.8834666666927
"Species 6",-83.2766466859002,35.2450753906967
"Species 33",-80.388853710429,35.3909127806048
"Species 18",-77.9247525164136,34.8594364210719
"Species 23",-82.9001854968943,35.9238255199501
"Species 13",-78.3294863687184,34.2581500192302
"Species 3",-76.7899936975452,35.5145008293318
"Species 14",-79.6590733476016,35.4008277836983
"Species 1",-77.7610356530553,36.1260472260939
"Species 41",-79.8536570669741,36.1070283301469
"Species 49",-77.38085481792,36.0960179462765
"Species 8",-79.8655700464118,34.8640509518386
"Species 15",-76.5819425855725,36.4864328465893
"Species 34",-79.2904587273679,36.1814976630448
"Species 12",-80.6246072948656,35.992045622018
"Species 18",-76.7284327164415,35.6060210745614
"Species 8",-77.9826012504848,34.1452021974118
"Species 10",-78.824325290888,35.3191643064948
"Species 20",-77.7148374472548,35.9492190058309
"Species 33",-77.0221611375253,35.657333931246
"Species 59",-78.5296708080113,34.7747451988425
"Species 16",-83.8197163028285,35.418989798135
"Species 4",-78.0526793827361,35.2365442005315
"Species 6",-77.4603258414084,35.7582953034824
"Species 6",-82.9799558328427,35.167120292839
"Species 12",-81.1312018645057,36.2142202332506
"Species 18",-79.2781517253792,34.776495052722
"Species 39",-81.4855008509251,36.3602935808541
"Species 2",-78.0289607458609,35.018237874262
"Species 12",-82.3385083921903,35.6108978270013
"Species 27",-81.0738751135938,35.4521610877542
"Species 48",-79.7636997436952,36.0056492632013
"Species 4",-77.7506671297925,36.0365037149099
"Species 25",-77.2139988670866,36.0278266919671
"Species 41",-80.663061945324,34.9202592795456
"Species 6",-83.057751171476,35.7821982801838
"Species 35",-76.8299238133811,36.5042098247723
"Species 6",-80.7245866287378,35.7700017778296
"Species 16",-78.4311468645116,36.4982641276829
"Species 33",-77.1893155936069,35.6733138034312
"Species 31",-81.4197998356652,35.5684545014144
"Species 49",-76.5981313779609,34.8444662007534
"Species 15",-76.2004839198082,35.5950529101335
"Species 3",-83.0733838961381,35.5607304652417
"Species 29",-77.088143917164,35.5698287941878
"Species 1",-77.7610046445636,35.175084549422
"Species 22",-80.5389797521129,35.2866324523136
"Species 16",-77.3070697835753,34.870467936014
"Species 46",-77.7217589864741,35.8862348414559
"Species 12",-78.969342619559,35.2339906429039
"Species 2",-76.9974613378821,34.7689953597089
"Species 19",-78.0987398010029,34.6038022959785
"Species 10",-80.5017606785683,36.0468173225105
"Species 30",-77.8888606537985,34.236378936785
"Species 20",-78.6144181431395,35.0953417732554
"Species 11",-77.9894560450611,36.23089675222
"Species 14",-82.0920217881349,35.7723395309308
"Species 8",-77.4449424357552,35.1193610699229
"Species 13",-79.4661449077626,35.5801166170273
"Species 11",-76.9715712147298,35.532271827821
"Species 10",-77.3119743938233,35.50582622824
"Species 18",-78.3490293054784,34.3712307197355
"Species 12",-80.681607139476,36.2514438669513
"Species 3",-78.0265445567525,35.9975902654804
"Species 22",-79.2865990227768,35.6360495572719
"Species 29",-80.7819110694965,35.0845312273606
"Species 2",-79.5837608188509,35.0175412446221
"Species 6",-80.8059578658127,35.566670233815
"Species 21",-77.1113759003286,35.8427336444462
"Species 17",-76.23184734936,36.5208359972045
"Species 10",-76.7628404986035,35.183729807545
"Species 7",-78.8033946085119,35.4976484427429
"Species 2",-78.7201371281877,35.9398227886648
"Species 12",-83.3770515029364,35.129463996015
"Species 8",-79.4799157004935,35.7638698977215
"Species 45",-77.2704507573775,35.317838736676
"Species 25",-82.1732130066703,35.2440652607155
"Species 20",-78.8665562698426,35.9421195640176
"Species 28",-78.3914497954521,34.9490443109945
"Species 52",-79.7681114778896,34.8923755215534
"Species 16",-82.8967410562903,35.2818596791347
"Species 31",-79.9639462288742,36.1053965361673
"Species 14",-78.363179444371,35.0006799290754
"Species 19",-76.7699425642244,35.1966427389462
"Species 37",-77.3502975410256,34.5742202268357
"Species 11",-78.2610102482839,36.2922193145206
"Species 35",-77.0440510000848,34.958784249858
"Species 29",-78.9286306788998,34.5931422030632
"Species 14",-80.7425382353013,35.9758713218577
"Species 19",-78.6735144446251,35.3257677102792
"Species 26",-78.655211612184,36.3494973280849
"Species 13",-83.5252997017406,35.3169096640126
"Species 13",-77.9576701382286,35.6357791169335
"Species 1",-78.4283561766409,36.0535841016685
"Species 5",-80.78114204445,34.8582186266749
"Species 32",-77.6208269424992,34.4006271572013
"Species 11",-77.5871177556436,34.6525494548594
"Species 9",-78.9183542624185,34.4644241833333
"Species 6",-78.8363994153877,35.0873756495214
"Species 37",-83.5771170818495,35.4487251217736
"Species 2",-80.3041991427161,36.3457462540034
"Species 18",-77.9864688950666,35.1403400255245
"Species 47",-81.7402325799022,35.5914091964549
"Species 10",-76.2861624510915,36.5554059388879
"Species 1",-78.4673864991291,36.5135867432291
"Species 6",-77.0541476994408,34.7529565651175
"Species 10",-81.7505723614725,35.3434115772906
"Species 57",-81.5394850474571,35.3178757527297
"Species 13",-78.1500386146673,36.2126030728475
"Species 23",-83.2016889421909,35.4575450954404
"Species 2",-80.3004342741492,36.2567227971618
"Species 7",-83.0834711566908,35.5067198434393
"Species 45",-76.9230931457026,36.2117687758121
"Species 9",-76.708574199118,35.1190695434607
"Species 32",-79.62662743679,34.8913280520023
"Species 37",-76.1081397808444,36.289332808384
"Species 33",-78.9210626208856,35.5260627587895
"Species 23",-78.3769812703675,35.2678957827421
"Species 37",-81.3519919771303,36.3504757993113
"Species 7",-80.9586347605801,36.0242749457731
"Species 16",-77.9085642339518,35.3254859461218
"Species 40",-81.6294900705497,36.1002975812361
"Species 7",-83.1459532303838,35.4692756490634
"Species 18",-78.0888227692248,36.0345152356047
"Species 23",-76.4284853627298,36.4016266387597
"Species 17",-78.5122543766351,34.8228048059637
"Species 27",-76.2367882572979,36.3689735037219
"Species 32",-76.0801239966807,35.5756246101155
"Species 5",-78.4241485431468,34.2220129915521
"Species 39",-78.7721139625494,34.3562647908468
"Species 29",-77.8204774948403,35.6673201302254
"Species 28",-77.0266715538704,34.9365302501278
"Species 14",-80.3140785699884,35.797364320916
"Species 6",-80.8158342975243,35.7810250879929
"Species 14",-80.6977514526397,34.9999245845029
"Species 19",-79.6430577589037,34.9412955107272
"Species 43",-79.6254436721343,36.2021454984789
"Species 20",-78.137251662335,36.1078127413982
"Species 39",-78.5851728454401,34.9286066751891
"Species 37",-79.8945133313111,36.4693866227798
"Species 7",-76.192258137001,35.7972386665121
"Species 34",-79.4779303683908,35.4236784407829
"Species 18",-77.2852962998903,34.6861957642168
"Species 30",-76.2033801459683,35.5900924083833
"Species 15",-78.1335945121486,36.3392285571063
"Species 43",-80.1307947145474,35.4294960963114
"Species 3",-78.3531240284245,35.0535749469211
"Species 39",-78.6817977397201,36.1860339826535
"Species 14",-79.0586127372684,34.5229930695197
"Species 39",-78.6904399261076,34.6013725525765
"Species 4",-78.4642404811942,35.6982381463583
"Species 29",-77.4735463159902,35.360869778819
"Species 3",-79.9155073829052,36.0427125524025
"Species 18",-78.1762380093318,36.0176312214888
"Species 15",-76.2055239145351,35.3973977516043
"Species 1",-78.218552190965,36.0849681962652
"Species 39",-78.3849120018017,34.1714575431268
"Species 6",-80.5786333576719,34.8364610162608
"Species 34",-79.4380114379083,36.5462282185663
"Species 37",-75.8400566644708,36.394470462532
"Species 14",-80.521521649205,35.5815819127013
"Species 30",-77.2555078436589,35.825092223402
"Species 4",-78.5979229509307,34.3846769803668
"Species 21",-76.8718335592255,36.2086440564153
"Species 17",-80.5959768344488,34.9581024098781
"Species 57",-76.5246640774325,35.6076656853917
"Species 24",-78.9286389863679,36.2690190474053
"Species 6",-79.9900348435343,35.00289528114
"Species 9",-77.8443670087369,36.2357179502964
"Species 49",-78.5460019194673,35.1884757052247
"Species 1",-77.8270661923776,36.2617428752783
"Species 47",-78.7435539442595,36.3243403254839
"Species 13",-83.6143866587718,35.3856576612254
"Species 6",-80.3404932507066,35.8695597401862
"Species 50",-76.062262760671,35.6642292676188
"Species 36",-77.0724884357373,36.2338399441262
"Species 7",-83.6184085200202,35.3788131075231
"Species 10",-78.0499115300802,35.3217116288925
"Species 24",-79.7680689785014,35.0592041893363
"Species 20",-77.3262937395729,36.2213311269305
"Species 28",-77.4725367769426,35.3402593704573
"Species 7",-82.754424701441,35.211009915151
"Species 21",-78.1110184184541,35.1407520894476
"Species 48",-76.5526652471413,36.3129051079185
"Species 1",-76.3382361549904,36.2685615505771
"Species 14",-76.2328722935583,35.8948309090357
"Species 21",-78.1181865866647,35.4069039133286
"Species 17",-76.4539843205716,35.7872050262516
"Species 37",-80.011392920783,35.3131577180182
"Species 7",-79.480037440823,35.7800508761215
"Species 9",-77.4495312424759,35.5378484927521
"Species 48",-77.3425040748116,35.3331378475026
"Species 15",-83.3449945814731,35.4628229691472
"Species 20",-79.1579736540495,35.2101983733971
"Species 5",-78.1610859472588,36.1438732133559
"Species 5",-76.149081079054,35.4894854298176
"Species 30",-76.191415511173,35.9354983512524
"Species 15",-80.3722942365021,34.8461807073988
"Species 34",-81.0201505770517,36.2739764123122
"Species 8",-78.9529505274885,35.8989623159023
"Species 40",-78.3774844295967,36.3822894902567
"Species 7",-80.2817162252039,35.9088348319851
"Species 6",-77.7447223332891,36.0422858707144
"Species 4",-76.7073626444951,35.2507303752293
"Species 26",-82.8042323225181,35.448040186709
"Species 49",-76.1252808518591,35.4754821424177
"Species 37",-80.7149824235068,36.464720483441
"Species 30",-80.9927867639749,36.1452983621272
"Species 17",-83.066254715635,35.5245252996772
"Species 12",-79.7448519442374,35.5506918466988
"Species 3",-79.593735600332,35.1241013540764
"Species 1",-79.0723197582078,35.9428602181637
"Species 14",-79.7022230119617,35.8451732903108
"Species 18",-77.9541001152975,36.2664084969833
"Species 14",-79.8645299076396,36.5249149212347
"Species 21",-80.3221014082041,36.4282604719609
"Species 46",-78.2520454476491,35.7525203132553
"Species 26",-77.8249742463914,35.3582686136413
"Species 7",-78.7372087335747,34.3735321685134
"Species 43",-79.9201142620851,35.9171732197962
"Species 7",-81.1675708202238,35.22630282084
"Species 15",-81.2872321542384,36.5311730592727
"Species 33",-77.9612606738343,35.0283390269239
"Species 27",-81.6605950994444,36.5160841983172
"Species 53",-76.9981931197068,35.9845042720015
"Species 1",-78.2156662376581,35.3156310671996
"Species 9",-80.6389499341446,34.8744639485856
"Species 44",-79.2130319603744,34.7275263327891
"Species 25",-77.7537108073177,35.155113990887
"Species 7",-78.3035513204138,36.0423738653454
"Species 3",-78.2741517626937,35.6720455304362
"Species 17",-76.2574964960676,35.9593264484753
"Species 2",-79.299089573566,36.2626761833198
"Species 60",-78.8766457042929,35.8695567806342
"Species 15",-80.590244437856,36.2960141823988
"Species 31",-79.8427637012471,36.317502009568
"Species 6",-79.5294739612722,36.4380448630564
"Species 12",-80.5771478857592,35.2647053578337
"Species 33",-80.8088799495866,35.9576270413512
"Species 19",-77.6017489968596,34.5879841532545
"Species 35",-78.9193594681222,35.8909164750856
"Species 45",-79.2732899943838,34.6792647830944
"Species 34",-77.7577965951938,35.3242502668129
"Species 43",-80.7022921425217,35.0429607407361
"Species 8",-77.6075491724,35.424814400806
"Species 16",-79.5429808515065,34.7961030131626
"Species 10",-82.4473153708946,35.9060998894179
"Species 7",-80.0569630023067,36.0231384058582
"Species 7",-79.0401325948858,35.7233489328285
"Species 41",-80.2636870623149,35.2271197135157
"Species 38",-80.5203190895221,35.506275958248
"Species 31",-78.8399722377538,36.5237798980797
"Species 12",-77.7983303753457,35.9098142943659
"Species 18",-78.4478799715409,34.4701734198117
"Species 7",-81.0610755617392,36.251067453069
"Species 50",-79.3005188069751,35.3633272731202
"Species 8",-78.2838410657962,35.3203639207024
"Species 1",-78.6647674590322,36.4078101808516
"Species 22",-81.529660021301,35.2365822863831
"Species 4",-78.4044379767927,34.7638957018242
"Species 9",-77.8718600603351,35.0940949849638
"Species 17",-78.2760135480467,36.2489354815005
"Species 8",-79.6114856991823,35.8278089745825
"Species 4",-78.4503634379282,34.4322366837549
"Species 28",-79.7095964101432,36.1547894824596
"Species 58",-79.9260200894612,35.8400570885178
"Species 1",-78.662312839626,34.3422790809325
"Species 16",-78.719715003933,36.5081669837537
"Species 14",-78.3956689776481,35.6431766115699
"Species 48",-78.6739900719472,34.6238307346927
"Species 14",-78.8004574003565,35.5661644314765
"Species 32",-80.6147592745297,35.6815403145406
"Species 18",-78.8380455678544,34.1761678246238
"Species 25",-81.2586805693498,35.3416834980153
"Species 11",-78.3363446481372,34.0529424765089
"Species 17",-76.289471430831,36.3114063407729
"Species 25",-83.6389102632927,35.433214978728
"Species 22",-77.638986438084,36.2245594066489
"Species 22",-82.6200986196977,35.158183446122
"Species 29",-80.7424905003915,35.1543952330161
"Species 35",-79.6756626821694,35.7464786759978
"Species 20",-78.7275722543255,36.2029745443864
"Species 14",-81.4735862756443,35.5005188097285
"Species 19",-77.1392566096856,35.3263563474731
"Species 1",-83.8804596507007,35.3628220622738
"Species 3",-77.2842181561031,36.4448322639219
"Species 39",-82.3636885715889,35.220446863771
"Species 36",-78.1376088256576,34.3148664176987
"Species 38",-82.5447926023173,35.7479876345896
"Species 24",-81.6392495205585,35.9961112798437
"Species 5",-78.4866151084649,35.5466673258967
"Species 21",-78.405260459488,34.1462763157244
"Species 15",-81.5537785768825,36.0473287449454
"Species 8",-83.4697649464305,35.1968435848976
"Species 20",-82.9629402099638,35.4460354463049
"Species 8",-79.0348259890644,36.0999821700273
"Species 40",-78.6532909457928,35.1286388601536
"Species 23",-82.0119169176308,35.5327282164157
"Species 17",-79.0388744284302,35.1545677334444
"Species 29",-80.2832620996766,35.3870139098098
"Species 1",-78.8606871117627,34.2440003980415
"Species 3",-80.5657304207808,35.0490644008893
"Species 32",-80.1655744066137,36.1189323132621
"Species 9",-82.7149372741465,35.307852128689
"Species 29",-79.5875718553872,36.1332959520432
"Species 15",-78.5463149627847,34.094547673497
"Species 42",-80.3705955058552,35.3133407932466
"Species 29",-81.852171897296,36.059574610949
"Species 26",-79.2291923042265,36.3676651919505
"Species 26",-77.4930788374478,34.8079163526382
"Species 23",-77.4180904362084,34.5460754639432
"Species 28",-78.1583262431061,35.2369632511559
"Species 1",-77.1741231131418,35.7116945123964
"Species 9",-80.8294770842285,36.5498319038292
"Species 2",-78.0104878745773,34.0251364246177
"Species 18",-78.4845815748799,34.8571137462513
"Species 31",-79.9822681185316,34.8323270823329
"Species 8",-82.8711353503738,35.1704182389682
"Species 19",-81.8119166629983,35.542108891363
"Species 35",-79.7469331115728,35.1178013357059
"Species 52",-77.3094122934519,34.954967876742
"Species 22",-80.2502771778735,35.5764167388241
"Species 11",-79.6759040673811,36.1392742621439
"Species 13",-78.0984183263486,35.7276523170602
"Species 13",-79.3767079532194,36.3382023430239
"Species 4",-79.1251096178812,35.0886153651391
"Species 40",-78.0971714711797,35.5106070903012
"Species 8",-76.8284247633825,35.5474880947096
"Species 20",-78.0452950077136,35.9487423008436
"Species 16",-77.73797673939,35.6917254129805
"Species 25",-80.279735695082,35.5413699857527
"Species 5",-77.3052640426646,36.2657592592317
"Species 28",-79.8713246609399,36.2948731010106
"Species 30",-83.3615916599059,35.013552375445
"Species 2",-79.8576212796791,35.1585894362437
"Species 1",-76.9600969187421,35.1242019471406
"Species 9",-77.9411038288078,34.4162729735381
"Species 3",-78.3024610663861,34.7154238778769
"Species 37",-78.0092663547088,35.6072112679536
"Species 41",-81.1587907740459,36.1942029065257
"Species 7",-78.8611512068988,35.4780033504784
"Species 55",-79.8926327302861,34.9525088526596
"Species 26",-79.7056986324092,35.8899361495971
"Species 23",-80.3444581281741,36.466663591781
"Species 14",-80.0851143195918,36.1818595160674
"Species 18",-78.5679238764352,36.0540494297685
"Species 37",-78.7021003060774,34.4377443179467
"Species 18",-76.1024499208004,35.4417499264253
"Species 14",-81.1958969721387,35.6392051144175
"Species 19",-79.7520396692684,35.3725548394411
"Species 11",-79.6007296564809,35.0944572856641
"Species 29",-80.1294358386216,36.5339575722978
"Species 6",-78.1506622920538,35.5683797314923
"Species 23",-80.3116229265999,35.6060390246082
"Species 2",-79.6220288526914,34.9845795997252
"Species 15",-82.2703560028869,35.2519147192245
"Species 18",-80.3366604917102,35.7633790044826
"Species 24",-81.0853564329429,35.2367682938345
"Species 17",-76.1804343245252,35.740299964744
"Species 1",-79.967702011664,34.8217339330296
"Species 43",-78.8330407539336,36.0538870355426
"Species 28",-77.7643733435201,35.6299095769111
"Species 29",-77.8301690606131,35.9885955822215
"Species 23",-78.1880582007094,35.1683594121777
"Species 2",-78.1842552156457,34.99462028121
"Species 12",-79.9390425329143,36.0819651475244
"Species 52",-80.1396584134607,36.519206474883
"Species 29",-78.0156004337167,35.28582598649
"Species 20",-77.4154122810858,35.8858274542904
"Species 6",-77.2695901808946,35.4202625678024
"Species 51",-80.6552516990154,36.1216638143667
"Species 33",-77.4756694005304,35.0742869252753
"Species 23",-78.7181792990895,35.6103161070858
"Species 16",-79.5891044614461,34.9536201296048
"Species 4",-77.6940182488708,34.3684693821603
"Species 11",-81.8469692215339,36.2422113444774
"Species 21",-78.4084105712871,34.0520360264304
"Species 13",-79.8685666455319,35.2283769659907
"Species 17",-77.1025181925367,36.3679166128203
"Species 18",-80.7283819112262,34.9977637929927
"Species 40",-77.8675000991737,34.5345572943937
"Species 3",-82.6797025396897,35.4243032678025
"Species 43",-78.6707652073867,36.4325410567393
"Species 26",-80.3425737099253,35.7445274142852
"Species 22",-79.9269259152199,35.3514525177131
"Species 30",-81.4787401718695,35.560050416023
"Species 41",-80.0038420309857,36.2921487852709
"Species 14",-79.5645556805898,35.3178920825304
"Species 5",-79.109008652607,36.3903978095831
"Species 11",-78.5155212244638,35.8843943050527
"Species 5",-77.9671881844454,34.2166297971668
"Species 18",-82.9373077298043,35.8258719997052
"Species 2",-79.8468482814022,36.2474518751981
"Species 7",-84.1174029062707,35.2160108802849
"Species 20",-79.562475698266,35.9389173878262
"Species 5",-83.3697729552305,35.4809906255572
"Species 1",-80.2408266195126,35.3501311684187
"Species 1",-84.084497268763,35.1789856446388
"Species 12",-77.9244582185759,34.4221831259168
"Species 41",-78.051093936308,35.9726106031701
"Species 21",-80.729201266234,35.2762616601624
"Species 37",-77.3121940545105,36.4917940963306
"Species 33",-77.8609301367937,36.3215662472278
"Species 42",-78.3060956456112,35.6083970105635
"Species 2",-78.006708548456,34.623714815301
"Species 45",-79.0081917880437,34.9692008600163
"Species 9",-83.0262967933161,35.1761951585768
"Species 39",-80.0038903976264,36.1308177511864
"Species 33",-81.0016689214051,36.5037992197916
"Species 37",-79.2780188038253,35.652386419755
"Species 21",-77.7506139467195,34.5233477662511
"Species 13",-80.0346936738456,35.8850838361464
"Species 44",-80.0796630762916,36.5154185276832
"Species 26",-79.9479175307274,35.4179725062747
"Species 17",-80.0618513299999,35.8600593656292
"Species 20",-76.626697356405,34.8101638492423
"Species 19",-79.2312496804927,36.1069334454786
"Species 4",-79.7622245859253,34.842615461304
"Species 31",-77.9632539768948,35.1788646807148
"Species 8",-79.3624329648902,35.9634988574363
"Species 28",-80.4208297434958,35.6366083627607
"Species 4",-75.8579160568997,36.1371354007976
"Species 3",-76.4220134383827,35.4425872488076
"Species 27",-78.1861681588167,36.2413644101864
"Species 10",-79.2583507017633,35.8407360539968
"Species 4",-81.8120309691349,35.526808556535
"Species 1",-76.2509550235136,36.4660030776288
"Species 22",-80.6901986119087,35.5560647592182
"Species 7",-83.1817254894063,35.4609812743784
"Species 33",-76.6904814027576,35.4763599339485
"Species 24",-76.758468807066,35.0928591786978
"Species 38",-78.5574961211726,35.0506580510762
"Species 10",-79.2119596920978,35.0799332491989
"Species 13",-78.4590840952059,34.6604511474328
"Species 17",-80.7640923204881,36.1489755912864
"Species 26",-79.1146265717114,34.6628347947638
"Species 20",-80.4173734259376,36.0182008020679
"Species 15",-80.5471452582934,35.5103569113063
"Species 7",-77.9762590725213,35.529034716057
"Species 42",-79.0801164512042,36.3004791196742
"Species 1",-79.3631960999748,36.1752471057058
"Species 35",-78.7916897534463,34.5288585309047
"Species 3",-80.618807509512,35.5068798202354
"Species 20",-84.0969587661231,35.1450864463261
"Species 33",-80.285782458324,36.4773321888005
"Species 35",-81.4994971922406,36.1226332464781
"Species 13",-81.7522912724128,35.8532203954826
"Species 48",-77.9642048764484,35.0883809073195
"Species 1",-80.8446198024643,36.1131213035314
"Species 29",-78.3867743631447,36.0608366711723
"Species 10",-77.713989232879,34.6023872136029
"Species 47",-78.0392937600653,34.3850441144707
"Species 40",-77.5238943395184,34.593271548881
"Species 7",-80.1912590892181,36.2651278072925
"Species 6",-77.9964879162927,35.1642251644989
"Species 32",-81.3179820636458,36.4788528103293
"Species 34",-82.0861161259172,35.5817244963116
"Species 9",-78.2328572752858,36.2676154373778
"Species 25",-82.7679846157833,35.8633706850259
"Species 17",-76.1776552638066,36.4994934400089
"Species 34",-78.7876632078924,35.4038018177648
"Species 11",-83.0126170916425,35.1987201904602
"Species 34",-77.0863742427215,36.191670841464
"Species 30",-79.9155148129693,36.4609293011193
"Species 13",-81.5539710710754,35.8924328104024
"Species 32",-77.3227102500379,35.4301755885417
"Species 30",-78.9062890709244,34.4289249974281
"Species 26",-81.1838522891903,35.9510248449293
"Species 22",-84.2186345517328,35.0073667326452
"Species 22",-80.1762521105516,35.1918857230844
"Species 18",-78.8512708980934,34.2785600596411
"Species 13",-81.5371676540459,35.4535494365232
"Species 15",-79.2352294201528,35.0818641339556
"Species 7",-79.3679945794277,34.8631693146614
"Species 36",-76.4678317137737,35.9450848151287
"Species 18",-77.2862731974423,36.0455312261189
"Species 29",-76.9634009106975,35.4158422892577
"Species 12",-77.7036082112534,35.776680830541
"Species 20",-80.1851031067186,35.8061696572067
"Species 3",-77.8488317959419,35.2581509828581
"Species 18",-82.9197966977546,35.8481476238899
"Species 36",-79.4125791256145,36.0226265166079
"Species 31",-77.6776071470672,34.8993806169055
"Species 12",-82.9512975803942,35.3103518501151
"Species 3",-81.7526470979522,35.24911475283
"Species 14",-76.8357651959451,35.1735680699137
"Species 16",-78.117336962249,34.0092214750714
"Species 3",-79.095138837086,35.232614811673
"Species 21",-78.5369220798055,36.155334076805
"Species 19",-79.5241896146757,35.3030864129089
"Species 12",-79.5210802536502,35.6044720440738
"Species 30",-76.4883809545408,35.9456140866375
"Species 21",-81.009476593307,35.7368081753558
"Species 19",-78.9491666285437,36.0618715546424
"Species 11",-76.5875714732599,36.2151444220571
"Species 45",-80.388411870389,35.9319573275802
"Species 23",-76.4284907530874,36.1598648467085
"Species 2",-76.1353346079636,35.6157643878852
"Species 20",-77.6835013183885,35.6313818540337
"Species 4",-76.6882249383489,35.5386875390715
"Species 3",-77.9862638240606,35.8039652303985
"Species 29",-78.2937814406513,34.984969500275
"Species 17",-78.0246309570768,36.0907829348428
"Species 8",-79.1292342943697,35.8272639745896
"Species 1",-76.6088883579363,34.7764108766489
"Species 24",-84.2404655642214,35.1252386676382
"Species 14",-80.1590805512941,35.6053578666942
"Species 36",-78.0453519956235,34.9264918635122
"Species 32",-76.5532162713426,36.1426440607738
"Species 47",-79.5536690326812,36.4958906774694
"Species 7",-79.8359473163238,35.6912253833221
"Species 11",-78.3761767569073,36.4758915922901
"Species 3",-81.3141729924946,36.2277172929922
"Species 13",-80.962299931272,36.0763300444308
"Species 29",-77.6889744307267,36.3111604413168
"Species 8",-77.9443471126602,36.3821372373246
"Species 35",-78.5551868308459,33.9601048910539
"Species 1",-76.0374655093072,36.3841355375283
"Species 8",-80.0942504163374,35.0420786757678
"Species 13",-80.5998320281509,35.6614088892694
"Species 27",-79.4035520251624,35.6191708197995
"Species 15",-76.8437992298366,36.1147086608922
"Species 55",-80.2301226574517,36.3937242420245
"Species 9",-80.7516138758105,36.3494703428403
"Species 18",-78.7389202412892,35.2363218716248
"Species 1",-79.7224483316655,35.520424970501
"Species 39",-76.5379041005768,35.5899016802481
"Species 21",-77.4398826922113,36.4534611795919
"Species 25",-81.0136219476286,35.3081543050897
"Species 11",-77.9554574407988,35.7324453533112
"Species 33",-80.1608252083663,34.899988664564
"Species 4",-79.674057154543,35.4087367682622
"Species 21",-79.0345715315645,34.5928160767945
"Species 12",-79.2496247903836,36.1695918131375
"Species 1",-81.1784363443716,35.6415807043154
"Species 39",-78.1528669978809,33.9492945252203
"Species 48",-81.7569418008963,35.6476361316118
"Species 9",-79.7744451852911,36.0523371107936
"Species 2",-78.333737977704,34.7354814673921
"Species 4",-78.1645456381776,34.0746892627237
"Species 8",-77.6890806771328,35.2437709218829
"Species 36",-77.6402866105171,34.6971924275788
"Species 31",-77.2509299559737,35.1862843633975
"Species 10",-76.6910802403191,36.2313470673203
"Species 52",-80.0191437265793,35.328336451585
"Species 19",-81.749591617794,35.8256083532744
"Species 2",-77.975365838027,34.1618320621496
"Species 39",-81.0914090758244,35.2044410163375
"Species 17",-77.2335761464737,35.8238053040042
"Species 17",-78.9203638769366,34.7736953923316
"Species 26",-79.7561648556835,34.8473566187532
"Species 16",-77.4929536535654,34.9572452225013
"Species 13",-83.4240526882883,35.4912758238431
"Species 7",-76.5992284654179,36.2004405494737
"Species 26",-81.7753115369454,36.2907333244252
"Species 9",-76.5558117213263,36.3372159495323
"Species 41",-75.9494548958365,35.5563650597584
"Species 6",-81.738019411771,36.2038861037425
"Species 1",-79.9270295294137,35.2474730137701
"Species 3",-77.9844530726567,36.4818959218154
"Species 16",-77.0103956899675,36.4035112207286
"Species 12",-79.8503014836599,35.0650129861798
"Species 33",-81.2234579348112,35.4976504582489
"Species 32",-78.4379884649953,35.6957464981196
"Species 17",-76.8574874433619,36.2665839670547
"Species 41",-82.6435554164919,35.9446829617422
"Species 1",-77.3029825732724,36.2109664254538
"Species 11",-78.3873439862476,34.1003614057525
"Species 3",-79.7676923925496,35.7148728317475
"Species 14",-78.3785563242025,34.0484286917417
"Species 8",-80.6177136323217,36.0590728222435
"Species 6",-80.6850510288637,35.497516248556
"Species 13",-76.4309771881972,34.9388886275137
"Species 19",-78.6351718562133,36.2393547063075
"Species 14",-79.2718525691174,35.8022675592347
"Species 33",-77.024417184909,34.8293654432772
"Species 38",-79.3135261797231,34.8841186676624
"Species 1",-82.0836496832331,35.3400376717482
"Species 25",-81.7246850934962,35.6145133877835
"Species 16",-79.3246903185367,34.7349171810266
"Species 5",-80.4787163834869,35.6820274488362
"Species 4",-77.9231103215554,35.5690133224698
"Species 54",-77.6600332701775,35.76983623812
"Species 17",-77.555765492865,35.8957187941008
"Species 25",-77.8899741848398,34.6806499681945
"Species 8",-78.2699579034111,34.6930037704096
"Species 50",-77.4369465513922,35.5143365493201
"Species 14",-79.6950798507991,34.8087587204675
"Species 7",-77.7307968469967,34.383164877787
"Species 4",-84.0821535098759,35.1379305584112
"Species 22",-80.7234897250196,34.8427349145614
"Species 1",-82.1238332263934,35.4168557685961
"Species 39",-83.821810606451,35.1412643294885
"Species 27",-78.8170867590008,35.1679606869899
"Species 9",-77.5707491016162,34.4679371619697
"Species 1",-76.6658315015995,35.4303773381399
"Species 21",-79.3666674861736,36.3407193121996
"Species 1",-79.1556832516517,36.4986321374177
"Species 13",-82.9738892753651,35.4047788503147
"Species 16",-79.5325496692069,35.5328748237526
"Species 21",-76.3024553118595,35.5652265842429
"Species 26",-82.4169320243878,35.4170434245384
"Species 25",-76.2479854195358,35.6022744081838
"Species 22",-81.9736890750898,36.1620411060018
"Species 2",-81.5102760639634,35.1749128835438
"Species 15",-78.1645001019391,34.9969932575682
"Species 8",-77.5513418301043,34.451827508262
"Species 21",-80.3943382620518,36.0200166489273
"Species 10",-77.3191673812142,35.8056653299927
"Species 8",-77.5810625197751,34.8969513759077
"Species 17",-83.9009555969129,35.4639837006666
"Species 20",-77.8488207551021,36.0296815885761
"Species 3",-78.3562060020564,34.2918962180389
"Species 17",-78.6504425907983,35.8768902993111
"Species 12",-77.4768496927305,35.7197414852511
"Species 24",-84.2705645100083,35.0368405531724
"Species 44",-76.0606852645559,35.4771065772005
"Species 4",-76.998447032184,35.6302183788364
"Species 9",-76.7110824743632,35.3391467210474
"Species 10",-83.6176103548365,35.4842712895527
"Species 12",-81.1317258460817,35.9814923460824
"Species 12",-79.2731998963414,35.8434475291786
"Species 6",-80.9575577192253,35.1142158036398
"Species 7",-78.7426385723447,35.5198757465077
"Species 29",-79.8587686723236,35.9376015651774
"Species 30",-81.8067421384875,36.1864082949958
"Species 11",-78.6394045958504,34.4002047714556
"Species 7",-77.7792580327053,35.6971017119988
"Species 9",-79.3277224762628,35.0265097762818
"Species 34",-77.7701902372206,36.4716243607153
"Species 12",-76.9810399384516,36.2188262716524
"Species 3",-77.8572803918974,36.2339746157322
"Species 32",-77.6519117105858,34.7572089273389
"Species 11",-77.4336316796264,35.6133521327123
"Species 36",-81.3016017535635,36.3398417034757
"Species 59",-79.9177643427892,36.1739230663031
"Species 7",-79.4400396100385,36.2858819541125
"Species 9",-78.1150526521321,34.4253477823434
"Species 24",-79.5357228474425,36.183648444872
"Species 42",-81.0988311585767,35.472190540664
"Species 19",-79.1062575366916,36.4794391129193
"Species 53",-77.50346447938,36.2708907946764
"Species 34",-78.0374136503865,36.3839093762045
"Species 3",-76.4645383373752,35.651521402637
"Species 37",-78.6335549223341,34.3254874014565
"Species 10",-78.7354013575958,36.4778559352052
"Species 17",-78.9181903385662,35.6120922304151
"Species 48",-81.0111491587326,36.2516164239464
"Species 17",-81.7776823095551,35.6594497442497
"Species 11",-76.5917536785521,36.4772077074561
"Species 5",-82.8577178975482,35.5524320263751
"Species 12",-79.0981826797697,34.8502291946767
"Species 20",-77.6917401301298,36.0582568762088
"Species 5",-81.4819425397899,36.0783761329993
"Species 10",-77.3966967941603,35.2124506490508
"Species 8",-77.3645774242373,35.3342220870172
"Species 40",-78.8914141838909,34.5244076753244
"Species 7",-78.0882125460554,36.0196611054644
"Species 42",-81.5552036255904,35.4043364892257
"Species 4",-78.5786236186986,35.619571946277
"Species 5",-83.5123546184874,35.244828980297
"Species 2",-77.1380913118047,34.9505588329086
"Species 13",-78.9390351488908,35.8879443451134
"Species 44",-78.9662908823032,35.1195126973313
"Species 15",-76.3942664722429,36.1033497995284
"Species 47",-79.5682714847216,36.1650442271758
"Species 11",-77.4913578455115,34.5099913201117
"Species 24",-78.2642631360979,35.2868478698757
"Species 1",-77.8184361678427,35.788065183835
"Species 23",-78.3649669786313,34.2235914332455
"Species 3",-76.3267283710703,36.1900707471953
"Species 37",-77.7052845526132,36.1619840009559
"Species 17",-78.0889669752273,34.1857991553107
"Species 15",-77.8430113244973,35.1395293072916
"Species 11",-81.9766531194225,36.1081933359064
"Species 8",-77.4533190412237,34.8996291742845
"Species 2",-78.8244539864511,35.3398149606083
"Species 11",-80.3715837828217,35.5747430430591
"Species 39",-77.9523518660299,35.987744115796
"Species 21",-78.7904545233651,35.1086120350311
"Species 11",-78.7090703378708,35.6335116761607
"Species 25",-82.0155663218878,35.2298139867774
"Species 7",-80.5674104265929,35.4026203610977
"Species 31",-78.5821643528499,34.9859508954384
"Species 21",-82.5151250709458,35.3129027596258
"Species 35",-80.4497968752053,35.9245687742209
"Species 18",-79.3017632012836,36.449298740331
"Species 11",-79.5639923747961,35.6528391804628
"Species 26",-79.751830791361,36.1188362395175
"Species 10",-80.1606182524899,36.3382261406511
"Species 8",-77.6514166874727,35.2165821961769
"Species 10",-77.9699078624571,34.399408396857
"Species 7",-79.5488343794072,35.8827956807876
"Species 33",-78.1873767694909,35.1886339221487
"Species 22",-82.3115280604289,35.2277954122243
"Species 32",-81.2475018697579,36.2393142513989
"Species 21",-78.4077322264664,35.9468861001715
"Species 28",-79.2543544999385,34.5267823833349
"Species 12",-82.8169440266136,35.8950332850941
"Species 15",-78.6657899609506,34.5773646575253
"Species 15",-82.3375771051981,35.6151697168199
"Species 32",-78.4086409941092,35.5651442808322
"Species 42",-78.8317064845466,34.1933713313134
"Species 37",-78.7526336703749,35.9357699824488
"Species 47",-79.1855145458461,36.3386502902177
"Species 26",-81.9021929154275,35.8914139095206
"Species 7",-79.7400204681984,35.6013809879658
"Species 26",-82.800944933112,35.641140042292
"Species 9",-77.1685585835583,35.0873726311655
"Species 14",-80.2591514923437,35.5301839821361
"Species 10",-76.0590332221274,36.2874646468387
"Species 3",-80.0964230174338,35.2204667241294
"Species 40",-77.2939573184656,34.953905363065
"Species 12",-83.0666407052938,35.4603247663927
"Species 17",-77.4768763369112,35.9776930581108
"Species 4",-78.4233450227016,34.0041549422841
"Species 22",-82.2601201782142,35.3947823495227
"Species 1",-80.2836742545567,34.8455383298866
"Species 45",-76.989511567812,34.9134229722602
"Species 22",-80.0069252680794,35.3158325741905
"Species 3",-78.1595993192372,35.6794612796383
"Species 39",-81.1656002429607,35.2982010684611
"Species 5",-80.2075590456042,36.3868756601544
"Species 35",-77.6034244257192,36.1004906030215
"Species 17",-78.9386456392934,34.6065859256834
"Species 42",-78.8955101145579,34.8675665913117
"Species 35",-77.714261719484,36.1135642031375
"Species 8",-77.3519815828963,35.2343972843895
"Species 32",-78.4713849367858,34.2682436962812
"Species 5",-80.8717022289622,35.1852232967495
"Species 10",-78.1191993545592,34.3406904314927
"Species 7",-82.4582297963836,35.1741828539281
"Species 2",-82.6509425269505,35.8666089540533
"Species 3",-77.6443707055194,36.174814869938
"Species 29",-80.6695639078571,34.9106854828883
"Species 2",-76.0308339201304,36.2071784729485
"Species 38",-76.9921487141011,36.0142182929222
"Species 6",-81.4323059216674,35.4773445020021
"Species 4",-77.9935287689068,36.2820972241369
"Species 13",-80.4420748565201,35.6356351065945
"Species 19",-83.0511658080741,35.6585667667205
"Species 7",-80.8631684814587,35.2040609231598
"Species 10",-76.7591325725279,35.3634224381973
"Species 20",-77.567568340545,35.5380410218124
"Species 12",-79.7656853194066,36.1073147163493
"Species 37",-82.6915064753507,35.1845547331773
"Species 1",-76.3517195018932,35.7959869907456
"Species 41",-78.1554260593376,34.9397581193154
"Species 11",-78.0251070509714,34.9079558003093
"Species 40",-81.8033546878578,35.9327035496267
"Species 5",-78.4817704259465,35.0966012532251
"Species 18",-76.8572009988066,35.864404650401
"Species 1",-78.1994795262657,36.5313603434409
"Species 26",-82.6036355012524,35.7280085262464
"Species 5",-81.8999099307069,36.1958136219175
"Species 27",-78.5833112892443,36.0426444174068
"Species 15",-80.4495173466585,36.0227485265063
"Species 30",-78.2135074210956,35.2207572284348
"Species 34",-78.8715707703041,34.9578454832809
"Species 3",-75.8196044666572,35.6811312228376
"Species 20",-77.9721009535189,34.5436376539522
"Species 12",-80.751337745398,36.4049989828401
"Species 37",-80.6426545116334,35.3518106216999
"Species 2",-80.710514593258,35.519260720956
"Species 27",-79.0420767364807,36.4013537937462
"Species 1",-76.8377104585527,36.4262289388401
"Species 11",-78.9166441895177,35.8510350589206
"Species 39",-83.3460491344457,35.0394490389728
"Species 9",-76.5280163761588,34.7706316295424
"Species 1",-77.4416550608005,34.7444908600868
"Species 6",-77.9026882259268,35.4130320878327
"Species 45",-77.4325366401338,36.2315683350944
"Species 23",-79.6648093776795,36.5383212755895
"Species 10",-81.0760360999249,36.0912967343548
"Species 25",-77.7261299719594,36.0719452176465
"Species 29",-80.9908830428367,36.155145890151
"Species 12",-76.4762529016909,35.8600460943485
"Species 2",-83.6713571526679,35.2462205082126
"Species 20",-80.2852318119225,35.0746052009585
"Species 36",-78.3486601041721,34.1286074354185
"Species 47",-77.2599393493796,35.70438984221
"Species 13",-77.8814403031451,36.336029273575
"Species 2",-84.1011652393793,35.1208935619415
"Species 23",-79.4817911238024,36.0810003504171
"Species 1",-80.4673244932885,35.0581765282832
"Species 26",-78.5719708376332,34.7273988921935
"Species 24",-79.493780681002,35.3971427829264
"Species 39",-82.099596867446,35.6342097208583
"Species 24",-76.7437592188286,35.4872394614881
"Species 15",-82.744618173027,35.5460522455337
"Species 15",-81.7674390093998,35.664221157756
"Species 17",-77.0110853956225,35.416573060169
"Species 10",-76.3042896788517,35.9069602448149
"Species 4",-77.6138949652683,34.9684266205856
"Species 44",-78.5145047157313,34.5577269684724
"Species 38",-81.1071860188758,36.0913975352712
"Species 17",-76.5321016541082,36.2816275452359
"Species 9",-78.3087295031834,34.8662402960949
"Species 16",-83.1578341092197,35.4305803482277
"Species 1",-75.9344483548398,36.353703062062
"Species 46",-79.7333940381576,35.0847382027362
"Species 32",-80.622615866353,35.3837291445006
"Species 23",-78.9708991694585,36.2419454254941
"Species 52",-80.9862749373557,35.2927927469105
"Species 2",-80.8516332378882,35.2640336073002
"Species 49",-82.1435563282709,35.5927327019066
"Species 38",-77.2259886906041,35.3023715112071
"Species 1",-78.0170856558273,34.7913824669797
"Species 7",-78.6529823534946,35.9213221565982
"Species 1",-78.2988739062054,36.5047988693448
"Species 16",-79.1815432705546,35.1977172738093
"Species 31",-78.6319318714002,34.3959778670848
"Species 27",-78.0630120583657,35.0271277944547
"Species 47",-79.8470726635555,35.0616713020678
"Species 20",-78.6454292712194,35.2867933914487
"Species 2",-76.9730901683815,35.3135833285431
"Species 17",-78.9166340198885,35.2235003721665
"Species 4",-83.1258070050432,35.105898805898
"Species 3",-81.8538462588193,36.2884562257272
"Species 16",-79.2803561731463,34.8481526162035
"Species 6",-82.7034734223638,35.8552685783219
"Species 20",-79.239725329396,36.2378476437551
"Species 5",-77.8772455086531,35.5711116814375
"Species 22",-81.535490594247,36.2154819473396
"Species 36",-76.6581830816314,34.9657604586659
"Species 23",-79.1478549122391,35.1826918715272
"Species 1",-81.3468054579899,36.1115669908801
"Species 16",-80.9197598583505,35.4754430927323
"Species 24",-81.5505979314221,35.2548433088739
"Species 20",-82.8124435342245,35.9006812962686
"Species 25",-78.57291646244,35.3136265753968
"Species 14",-80.4313666787908,36.5496324443062
"Species 21",-76.9695633570843,36.2993786998357
"Species 48",-79.3150277607744,36.3127826768042
"Species 47",-80.7288350233278,35.8126768111797
"Species 6",-78.0403960314319,34.623267365052
"Species 11",-77.074489625112,35.749665088862
"Species 4",-78.723399128617,35.4345129630539
"Species 24",-78.5224644861432,35.9546337790024
"Species 41",-79.6340370583401,35.5703948959675
"Species 9",-77.7716458897821,35.6568387225436
"Species 19",-80.1056565597067,35.8454251411173
"Species 17",-80.8862747625564,36.5388844803472
"Species 23",-81.457874039594,35.5406171467581
"Species 26",-77.5214632118317,34.947348132129
"Species 9",-83.377878372652,35.3324528349773
"Species 17",-76.8272822222662,35.5880678914159
"Species 51",-77.0011606241083,34.816561150854
"Species 14",-80.9119830545557,35.5680801879015
"Species 1",-78.9738850353464,34.8407330496134
"Species 32",-78.4742621428904,36.4800235309449
"Species 29",-79.5848476540995,36.0759130537885
"Species 26",-79.0235390487785,35.4938364260112
"Species 30",-77.4701575998342,36.2443705411687
"Species 19",-78.2777240668753,35.2627165674004
"Species 8",-83.8433899051338,35.013771835829
"Species 31",-78.4839751359025,35.3079519560091
"Species 8",-84.2325463319416,35.0376120980244
"Species 1",-82.284169096816,35.7501754247999
"Species 7",-79.8127291734341,35.2565219664245
"Species 22",-77.241410650424,35.8676522048132
"Species 11",-77.4869182552866,35.2985702996162
"Species 44",-79.565240627618,34.8190686141457
"Species 8",-76.9048441982577,36.3449982058611
"Species 48",-82.7619844788253,35.2800754269085
"Species 25",-81.9616965945863,35.8661031458952
"Species 17",-76.5847353771485,36.1309458110811
"Species 12",-77.5383787445843,35.9771777526057
"Species 15",-81.311688157357,36.3764707411112
"Species 38",-78.6577735453326,35.4416197724738
"Species 4",-83.8494117397781,35.1508973583999
"Species 31",-81.2572250406571,36.2088893143041
"Species 41",-80.8644622787771,35.960708453635
"Species 2",-80.0902607527213,34.8694535743934
"Species 22",-76.8959007422831,35.5758377382508
"Species 6",-80.4680550839082,36.5078124171528
"Species 26",-78.9666859247074,34.7116078916467
"Species 59",-76.5821650766619,35.6031144771477
"Species 8",-79.250776778561,35.2173134678073
"Species 2",-77.3947147466455,35.4351110774293
"Species 19",-80.3978001082879,35.430585871558
"Species 5",-76.2357052144993,35.6336015098718
"Species 44",-78.5174954063093,35.5141920777914
"Species 31",-78.6815317231959,34.2381247788105
"Species 18",-77.2015049388079,35.109895809372
"Species 1",-81.5260636287651,35.6154825804711
"Species 29",-76.8379787955526,36.4128059085659
"Species 24",-82.7590667923941,35.3917254736326
"Species 12",-77.34555377649,35.8969032137569
"Species 24",-82.4525401242073,35.1766386318267
"Species 1",-76.0366220473647,36.2420326542262
"Species 27",-81.4564117868895,35.9957193373347
"Species 33",-78.030258626721,35.1795994478785
"Species 12",-81.8781790021511,35.246484410884
"Species 7",-79.0825180671473,35.0769654741926
"Species 15",-84.2280675000781,35.103039762415
"Species 17",-78.4095090336878,34.2780779779977
"Species 33",-76.5178827184793,36.1125151708686
"Species 15",-77.6261468373792,36.5143018945176
"Species 23",-78.6364152987965,34.1287804324447
"Species 41",-76.8366691450913,35.6091791041835
"Species 24",-77.1604011020121,35.4886161662632
"Species 34",-80.5286144370522,35.2637399803977
"Species 12",-83.6953766276539,35.2690350880006
"Species 11",-80.1897037862645,35.58421674369
"Species 8",-78.1060276079022,35.4343109029335
"Species 21",-76.1101663282286,36.2798756186104
"Species 20",-78.4488179866739,35.1974826205895
"Species 5",-80.156117318302,36.0016327706169
"Species 23",-78.4895150940434,34.553881864082
"Species 36",-81.5128223483525,36.1741905248769
"Species 52",-77.712840006976,35.8601276736891
"Species 2",-77.9929471057556,34.3849610626223
"Species 41",-76.3703328651794,36.2601762195802
"Species 2",-77.103070841484,35.872147275917
"Species 1",-80.1357528134115,35.1381085179152
"Species 40",-81.5469368545944,35.4312492514977
"Species 36",-79.2837906650205,36.3172836419887
"Species 17",-78.2777763250611,34.073871029875
"Species 1",-80.0262326662355,35.4223220572632
"Species 25",-83.3087470130585,35.0979223855236
"Species 11",-82.8672396185397,35.2956860922436
"Species 10",-77.2009993083959,35.8515014301803
"Species 44",-83.8281405048866,35.3282642369122
"Species 37",-79.8639220235261,36.1330564519696
"Species 19",-75.8071670432,35.7750562149576
"Species 23",-76.5824809483171,36.0569871695868
"Species 49",-79.3017026005335,35.1073424902323
"Species 45",-84.2189991100232,35.0380739961328
"Species 17",-78.9814624661004,35.0156484794531
"Species 51",-77.4420069431828,35.8478189781627
"Species 42",-84.1948008799596,35.1532518041957
"Species 44",-77.9829785755204,34.4960800442879
"Species 29",-78.6700839227463,34.9833478222267
"Species 11",-79.4984417569145,34.987041776208
"Species 6",-78.0580705826957,34.4590022399366
"Species 2",-76.8472765761896,35.5605567304058
"Species 12",-81.317693961313,35.3349443138648
"Species 10",-80.755237961283,36.5235331068131
"Species 34",-76.4260028666481,35.5487758787058
"Species 7",-78.7267473210923,35.5693848830788
"Species 26",-76.3275795789423,35.3981741026226
"Species 57",-79.8904234041524,35.0686680899674
"Species 11",-76.7722083910506,36.2584737146666
"Species 13",-78.867261783222,35.1497390309304
"Species 21",-77.0817327876282,36.3639645239342
"Species 19",-83.5122547430671,35.1317245758623
"Species 32",-79.8878287964766,36.0402449565983
"Species 15",-78.812182016626,35.1510824777202
"Species 23",-80.9793871399998,35.5932637164381
"Species 20",-81.2496042227885,36.2000878360276
"Species 28",-76.7328105023244,35.0333422582505
"Species 6",-79.9176313531074,35.8097195799414
"Species 29",-77.8799062085961,34.530907409103
"Species 15",-77.0897337113873,36.1076331917731
"Species 36",-80.3590124406666,35.0199990303059
"Species 12",-78.5853351300951,34.6773480273442
"Species 25",-79.793219571835,35.7578482215962
"Species 22",-81.6923632249094,35.452541669824
"Species 9",-81.4512482619289,35.2402604913775
"Species 2",-77.6091865466971,35.4703032172965
"Species 43",-77.9959930376933,35.0496484936697
"Species 9",-75.8861504612526,35.8419010784728
"Species 26",-76.3570133285825,35.8186980618092
"Species 43",-78.4358803252269,35.2906817258383
"Species 36",-77.9668442420536,35.0052012036896
"Species 21",-78.7699277193682,34.7712300766279
"Species 3",-78.1231543018773,35.6704768115053
"Species 24",-79.2608602280834,36.4218742121695
"Species 30",-76.2802737052241,35.7249415905351
"Species 60",-81.461515282961,36.4247095546275
"Species 11",-77.6465282421042,35.4358101872397
"Species 44",-79.5441746433423,34.949309002908
"Species 1",-77.8993045491669,34.9313340609946
"Species 6",-84.157309947412,35.0584795471579
"Species 6",-78.6306698815274,34.6293266524642
"Species 42",-77.5266421233628,35.7176643375837
"Species 10",-79.4668848195101,35.0375543905783
"Species 14",-81.7085317131357,35.5781774942666
"Species 42",-77.4596802289203,35.2848775300511
"Species 7",-78.7483371568817,35.6202614326158
"Species 1",-78.5531016233229,34.4970493663215
"Species 11",-80.0195350240165,35.515319163383
"Species 6",-79.2799083894679,35.5646733905111
"Species 26",-78.3880093805844,35.1200899822306
"Species 5",-79.7714159611913,35.4324708683835
"Species 35",-79.7624777531252,35.2664876451958
"Species 45",-78.3038011039307,34.1403924378785
"Species 6",-78.2510312449409,34.4084577219572
"Species 33",-79.9480806308521,36.105136332167
"Species 11",-80.2368794924453,36.2641889048605
"Species 9",-81.4403453004981,35.5352988774824
"Species 21",-78.207672283584,35.8038907301526
"Species 22",-82.1625373981797,35.6335727418894
"Species 5",-79.1532454267914,36.2181931884495
"Species 19",-79.3013699405258,36.1724678515306
"Species 2",-81.8539421848891,35.972152847886
"Species 11",-79.9031459777358,35.2370921158122
"Species 13",-80.6972726976302,35.4919040761309
"Species 11",-77.6717474608222,35.4968481100045
"Species 40",-79.4802155848145,36.5466302448991
"Species 12",-78.436551917133,34.2430790693719
"Species 4",-77.8334053582646,34.7969388329741
"Species 7",-77.0768200742956,34.9670945767716
"Species 29",-82.5968970710993,35.8918168842173
"Species 19",-83.1138889738226,35.1235678984139
"Species 19",-78.2257119216453,35.5970573717758
"Species 23",-81.3337343691912,36.1686419959851
"Species 6",-80.1503354402492,35.4810622595392
"Species 29",-78.2025256852961,36.3665144728384
"Species 31",-78.1056517816792,36.5496198208385
"Species 5",-80.3797385764148,34.9764223670847
"Species 8",-80.0247064105176,35.533315852656
"Species 1",-81.9508779217508,36.0206704663772
"Species 18",-77.97068490388,34.4171011546446
"Species 22",-79.3319778549891,36.3110959298093
"Species 24",-81.0997918313792,35.8279230231866
"Species 2",-81.737248669077,35.1947159211938
"Species 41",-81.877608291067,35.663225968441
"Species 2",-77.4006452982359,34.9288396324017
"Species 48",-80.1903386717138,36.240996914436
"Species 16",-80.6687562047752,35.1596358714144
"Species 32",-79.1746941326538,35.7934964849877
"Species 6",-79.5707948905417,35.1264292191184
"Species 14",-82.7560768285132,35.9439355034708
"Species 1",-83.3876355269589,35.6144154878054
"Species 7",-81.0288118991056,35.5848660342822
"Species 9",-76.2876533216198,36.4070059629067
"Species 26",-77.7366301182182,35.6910090127682
"Species 14",-82.6221454010518,35.4281478739741
"Species 35",-78.8949768324989,35.7924943440837
"Species 34",-78.6327998800116,33.9358900389256
"Species 50",-79.3072682015822,34.8224830771233
"Species 22",-79.9192122163896,36.2682835662527
"Species 3",-82.575915879152,35.5427501375327
"Species 1",-79.5444400714897,35.110649442801
"Species 6",-78.5145592138781,34.6514145550067
"Species 9",-77.3590531644034,36.0570441614079
"Species 15",-79.9390053268532,35.7609920286659
"Species 11",-77.556499524973,35.1670489478125
"Species 32",-82.9103738839423,35.2200534743828
"Species 18",-79.8057411104711,35.6635506631069
"Species 18",-81.1639145763441,36.3724472748616
"Species 4",-81.5470607295964,35.4382030461439
"Species 44",-78.0343495014761,33.9590122201928
"Species 24",-80.0351737687027,34.9332077384213
"Species 40",-78.0509076603292,34.8096968308979
"Species 46",-77.8008184455237,35.70934485501
"Species 51",-76.382638576868,36.3814726012461
"Species 13",-81.4207439884977,35.3426158820679
"Species 12",-81.590607166395,36.0591069382432
"Species 51",-82.0633021421759,35.7381672270034
"Species 1",-81.6365832444546,36.5293619362257
"Species 53",-82.539211790179,35.6980675455419
"Species 1",-78.2361869596966,35.7805050037709
"Species 22",-77.9569801125792,35.4875310945671
"Species 19",-78.6640741735687,35.0418025784947
"Species 17",-79.83166059466,35.1049730516009
"Species 14",-81.0877360952042,35.2072391686295
"Species 20",-76.3882717689966,35.5367688840503
"Species 8",-82.8716140640937,35.2460291398312
"Species 22",-79.9602089995675,35.768529868729
"Species 26",-78.3251410798175,35.6985432152771
"Species 19",-79.5984762186,35.4751798574796
"Species 2",-77.4691228761934,35.0096139733103
"Species 28",-75.5437195084736,35.2531531125989
"Species 7",-79.5048417630313,35.6422321415301
"Species 2",-81.6610922778747,35.4023210796744
"Species 27",-82.3835795858942,35.2239933105906
"Species 41",-79.1829777704525,34.8974594706606
"Species 9",-81.1945354000017,36.4786206188943
"Species 49",-81.0761066390824,35.5983186824334
"Species 34",-83.2419503430908,35.5409916642555
"Species 12",-78.9640697411497,35.0440053681668
"Species 1",-81.6352523112674,35.6586417407586
"Species 19",-82.5071318889873,35.7534605061175
"Species 36",-78.6402818492039,34.9904637229805
"Species 22",-81.1173358331768,35.3863139878783
"Species 3",-76.7827657275383,35.0192468909365
"Species 53",-80.8665560600861,35.6454196339837
"Species 38",-77.1893049470829,35.9654662272546
"Species 30",-80.1863812428906,36.5185651364814
"Species 9",-78.7039410192817,36.328346383561
"Species 25",-77.2366441249947,34.8659534612609
"Species 34",-76.9009626184349,36.5465780898923
"Species 9",-83.3609243868922,35.3071972486751
"Species 40",-79.4093064105333,36.1812970034349
"Species 3",-78.1814159815244,34.1780426742353
"Species 13",-81.3938760614866,35.8767134909
"Species 30",-77.920361604566,35.6251771467693
"Species 8",-77.74973274608,35.5409138061529
"Species 10",-79.6559335127848,36.2167700946713
"Species 27",-78.5193219200191,35.078514308762
"Species 32",-78.0608628457648,34.0409701980708
"Species 43",-77.7156069636475,35.0252540511589
"Species 10",-78.1523583822306,35.604401955112
"Species 14",-77.1996176468026,35.8271232810789
"Species 28",-84.2839199664953,35.1780256932104
"Species 43",-81.0501939263884,36.4565164091299
"Species 17",-82.4201999601975,35.8774985414069
"Species 57",-78.2512199239745,33.9060831409171
"Species 13",-78.7978158464023,34.1134177424245
"Species 4",-82.3784450028807,35.3006917800173
"Species 38",-80.0502120448881,35.0255865390341
"Species 13",-83.4186607781474,35.4246230980988
"Species 13",-82.9908788176663,35.6528914463752
"Species 31",-77.9971801385489,35.4266371225781
"Species 8",-79.061742260007,36.3447878780838
"Species 8",-79.813685182576,36.4360807065222
"Species 13",-76.6958120060962,35.2477087887915
"Species 53",-79.0979181393487,34.3526339883524
"Species 32",-80.3186779014288,35.2907546052577
"Species 13",-79.172356738559,35.2198878110449
"Species 10",-80.0543883870566,35.2371319789539
"Species 9",-76.7977040808204,36.1116520000973
"Species 27",-82.8539482228715,35.3234019306712
"Species 34",-82.8435488500819,35.7578667857436
"Species 26",-77.5197223141778,35.3165208999774
"Species 9",-77.6471661065983,36.5406906119046
"Species 33",-79.4181705388584,35.4141606186287
"Species 22",-78.6785003974553,36.3153845875033
"Species 45",-77.4463132464408,34.8095356664532
"Species 43",-82.1172359013935,35.9979033803975
"Species 30",-81.2830096317135,36.2657061755521
"Species 47",-83.1016850719722,35.0445258310453
"Species 12",-79.0951225338863,34.6385115786385
"Species 13",-82.6964075326285,35.5390041637869
"Species 19",-82.6561844154484,35.3911291521345
"Species 23",-79.3613865150022,35.0308198224361
"Species 7",-79.4303501190682,34.6717766845856
"Species 31",-77.4910028705379,36.100290842525
"Species 33",-80.4623415422125,35.1465430587903
"Species 27",-81.2021601445116,36.3261200449675
"Species 2",-82.6812253415323,35.9244227710845
"Species 13",-76.3284666117382,36.4223037912034
"Species 17",-78.9225820596901,35.1451694731385
"Species 10",-78.3510846152,34.2487357281794
"Species 52",-80.0781557786948,35.5088169769155
"Species 22",-77.430638076067,35.0730251657972
"Species 6",-80.4745433775182,35.9444737465625
"Species 8",-82.8627790779702,35.8467317266394
"Species 34",-81.3654402670958,35.8548555434975
"Species 9",-79.2020695976566,35.3426758832323
"Species 36",-77.922883414543,36.2587125540662
"Species 9",-78.3228996943717,34.2512250578936
"Species 31",-82.5994714344828,35.9425366526819
"Species 15",-78.9025694619557,35.941198983565
"Species 11",-79.396149664389,35.6317532672262
"Species 11",-81.2796991799997,36.0153212704222
"Species 12",-77.5384803004915,34.5851002650644
"Species 23",-79.525729446415,36.1342934754676
"Species 20",-78.8185447051997,34.1575500880709
"Species 23",-81.7692475146494,36.2839385941908
"Species 2",-80.6325984804718,35.0559546582074
"Species 11",-83.3927257835192,35.468844823034
"Species 3",-77.95254663528,34.8966955064003
"Species 21",-83.6109688706064,35.1168686387323
"Species 39",-79.6500330241543,35.3412442977352
"Species 11",-77.4309578310094,34.7201157782346
"Species 2",-79.1205903077555,35.2832496980004
"Species 19",-83.7029337934708,35.293971944147
"Species 17",-82.4350054517955,35.3498599660536
"Species 9",-82.4178827711698,35.4294359224811
"Species 41",-76.483085315238,35.6436276455642
"Species 14",-83.1259903391378,35.4267460332696
"Species 16",-79.9648364223892,36.2351604787529
"Species 28",-79.9959792993984,35.6710644543215
"Species 20",-78.5778143115156,35.5331098243827
"Species 16",-79.1415977949864,36.1408391701914
"Species 13",-77.0956163876831,35.8192785579601
"Species 6",-78.6254667164836,34.951298728514
"Species 1",-78.5721695046218,34.3764587720604
"Species 17",-79.1265980626453,36.4617474796814
"Species 8",-77.0511111505654,34.9011666993222
"Species 28",-77.2430162399848,35.3132593520429
"Species 17",-82.1578704323054,35.7876136584795
"Species 7",-78.6211654072031,35.9134713427252
"Species 20",-79.4297417167703,36.0424550951155
"Species 34",-78.2365013965381,34.377509669519
"Species 17",-83.8634613735839,35.1765705136501
"Species 15",-77.8612882807443,35.4507260104956
"Species 11",-78.9648706417696,34.6841465964168
"Species 31",-80.2086406886852,35.1399506446133
"Species 1",-78.8968387004311,34.568910030198
"Species 22",-82.9113475567763,35.826675444107
"Species 36",-80.1196118715438,36.4288979375467
"Species 36",-83.6119408113416,35.0354460759784
"Species 6",-79.0458114553795,35.6257242180493
"Species 39",-81.0622768497024,36.5086125226208
"Species 4",-76.3951651425133,36.3313212948729
"Species 2",-80.5756796378043,36.5389158552066
"Species 27",-80.6480876659586,35.4256221282161
"Species 4",-78.4189846816759,34.4893209656735
"Species 30",-77.7310672009937,35.1747698246179
"Species 22",-83.9149147631344,35.4319076771338
"Species 15",-80.9236900091975,35.5547852277808
"Species 7",-81.64364148942,35.460891143952
"Species 12",-76.9947499817898,36.505032041159
"Species 16",-81.5471641125685,36.3104852650473
"Species 4",-77.9561103305794,35.130653373457
"Species 17",-79.2095158637292,34.7692310088108
"Species 4",-78.7442283892772,35.8543697679156
"Species 17",-78.2732899062331,35.028918296055
"Species 17",-78.2162390400605,34.788497553663
"Species 3",-78.5320336488883,35.0279829191729
"Species 17",-76.0510051112294,35.6449035695107
"Species 24",-81.0178932682706,35.1704528308528
"Species 2",-76.3539975793446,36.3677593372874
"Species 4",-78.8463941789721,35.5341744311798
"Species 11",-80.4040644904462,35.2641272878757
"Species 17",-78.4800954657239,35.3095229368809
"Species 7",-78.4935714073364,35.2857909511602
"Species 4",-76.2421551025853,36.4741917593591
"Species 3",-82.8661164525695,35.4363708154916
"Species 42",-79.48486372263,36.3203305733652
"Species 34",-81.8527443446078,35.9505433779739
"Species 14",-78.3427448875403,35.3229880052851
"Species 5",-78.1980686027309,35.4210235491225
"Species 11",-78.5003517650167,34.1451340814016
"Species 20",-78.0445211682994,34.4335798544718
"Species 31",-77.5386080876833,35.0502575390716
"Species 28",-77.630213163401,35.5426617408437
"Species 16",-78.50670093331,35.8630757522108
"Species 20",-80.6339867256922,34.8998699404401
"Species 28",-77.5032706783711,35.9385642394014
"Species 18",-78.1631457327734,34.4058407425143
"Species 2",-81.0293793194082,35.7343296310421
"Species 29",-82.0394101096136,35.7327585019624
"Species 6",-82.7073116274588,35.5249647643788
"Species 21",-80.0283798928064,36.41126591502
"Species 42",-77.3641465341999,36.0860726414998
"Species 14",-79.0901648520472,34.7311912523834
"Species 7",-78.1249622786199,35.002878681943
"Species 4",-78.3425143346559,35.352903944062
"Species 15",-78.5393702580337,35.2790370629399
"Species 35",-82.1671796604847,35.4643635611216
"Species 14",-83.6307119050397,35.1754176023281
"Species 56",-80.5246617462109,35.5514745363724
"Species 15",-76.0859655980796,35.6274400519917
"Species 5",-78.1978176507182,35.4691006301754
"Species 14",-77.8810659509609,36.1247632571398
"Species 43",-80.9447193117901,35.1920545915855
"Species 23",-81.5317441594233,36.2665750358114
"Species 13",-80.3017556632446,35.3452634307905
"Species 9",-80.3358213445312,35.4822603573718
"Species 5",-80.7295220327717,35.8322014578492
"Species 1",-77.1497790936195,36.3431200881255
"Species 13",-83.0774080241858,35.1409000015726
"Species 6",-76.8277078107186,35.2978300133123
"Species 43",-83.1115632068799,35.0853696333938
"Species 2",-80.9728452359694,35.4729145136084
"Species 11",-84.020316782353,35.0141706181866
"Species 8",-76.3246884375968,35.6584712549903
"Species 21",-76.5492072429028,35.591442303484
"Species 7",-81.0320231195169,36.4287766957355
"Species 32",-79.1168197247076,35.5927715725543
"Species 30",-83.1175567416305,35.5885083459886
"Species 11",-79.2071272106569,36.3598824040398
"Species 5",-76.2574265824476,36.2263564058514
"Species 23",-78.5114819266161,35.986872559336
"Species 24",-81.1745195259373,36.107423415336
"Species 18",-80.9822815741911,36.5566050980985
"Species 1",-80.6518458311584,35.0928367575473
"Species 7",-83.4091327832008,35.3603992741006
"Species 34",-76.7255227201989,36.3748737068817
"Species 16",-77.3069918349985,36.3354690077735
"Species 11",-76.1636766088925,36.2019783885869
"Species 29",-78.8785327753987,34.1539498542003
"Species 35",-77.1043718562249,35.8375299359321
"Species 5",-78.6102973561316,34.3301391159412
"Species 37",-78.7199849367761,34.7354266764457
"Species 32",-79.2803860069489,35.6141114126741
"Species 10",-83.9066476102097,35.0540317558104
"Species 11",-80.846270521561,35.4739236830866
"Species 5",-78.2342404047244,35.5611942215853
"Species 17",-79.7303979200613,35.7676834295968
"Species 4",-82.1738372208217,36.0301076690964
"Species 25",-81.3570499638016,35.2129445998868
"Species 13",-77.3338796491468,36.2318309979182
"Species 4",-76.3691142644858,35.5946548844104
"Species 31",-81.7801457690654,35.6976203666537
"Species 5",-82.8664797721719,35.1861548901613
"Species 9",-78.4761371904638,36.2537275431369
"Species 24",-78.4540697330645,34.0668270749826
"Species 35",-82.6227523024727,36.0061490562271
"Species 30",-79.5484310852759,36.184193578522
"Species 8",-78.4907917479186,34.2710049980791
"Species 6",-79.0702731007224,35.7719548161674
"Species 2",-77.4687855855567,35.443949348825
"Species 21",-79.9028586041645,35.6311016639311
"Species 28",-78.4860399381038,34.2258348463359
"Species 1",-80.3834318116496,35.0559780252689
"Species 15",-79.5048978590857,34.8406436951981
"Species 14",-82.2364793392087,35.21463076094
"Species 9",-78.8977356489251,36.1282757801761
"Species 22",-80.398949683088,35.2825336608193
"Species 7",-80.2250266141535,35.1010600687339
"Species 30",-77.8929298886728,35.0733968712257
"Species 19",-79.3510850501833,36.0374201475514
"Species 41",-79.7382941106783,35.3292267119807
"Species 22",-78.6392055489975,34.4243392265893
"Species 13",-80.4882053638877,35.2951972898088
"Species 2",-79.4097425938977,35.1732367025879
"Species 7",-77.8207940911281,34.2480348350175
"Species 14",-79.4187248827438,34.8822123341158
"Species 35",-80.7624981144708,35.6205844965911
"Species 5",-78.5115878550922,34.9423414737964
"Species 6",-79.5614821341658,36.4498227006579
"Species 14",-79.8091685831128,35.0255506775145
"Species 27",-79.640448906315,35.6026582054556
"Species 28",-82.6309981148662,35.2218025498508
"Species 4",-81.9557124965745,35.5651345948443
"Species 45",-77.3277121654285,35.1942547414387
"Species 4",-80.252817177985,36.2184120787671
"Species 14",-83.787333108859,35.54286454374
"Species 21",-79.7300026650156,35.5923688012267
"Species 58",-78.5938927202798,34.2662467204981
"Species 14",-80.6860483895429,35.1500122988358
"Species 36",-83.8139927153724,35.2868619232961
"Species 6",-76.9140673809692,35.5040686782733
"Species 19",-79.9516783198815,35.3707056906841
"Species 12",-79.450523983669,36.416565433838
"Species 2",-80.7632065800568,36.4521693684976
"Species 22",-79.098567833314,34.6807460781656
"Species 8",-76.9532155625643,35.8541218367525
"Species 7",-76.3444384644243,35.7294999200175
"Species 28",-78.0651358200554,35.8786329321412
"Species 29",-76.3366527895583,35.7853079653193
"Species 4",-78.5220541438767,35.4251888605687
"Species 33",-79.744938542986,35.0047625469859
"Species 4",-77.5314616563842,34.5796906894113
"Species 13",-78.0440453262714,34.7894054058544
"Species 1",-82.6887486127143,35.4280343171592
"Species 7",-78.0090583149803,35.8493181247453
"Species 36",-77.3027300894155,35.4659672986236
"Species 14",-77.3787710493396,35.7993416274828
"Species 13",-77.4839210450803,34.6324871496484
"Species 39",-82.6314101644579,35.4218325533371
"Species 33",-80.2313946786335,36.0953996624349
"Species 21",-77.8654135868992,35.1251247994676
"Species 13",-79.9445207218093,35.6818960153927
"Species 2",-78.2973047794928,35.3369533389712
"Species 1",-76.6825229040655,35.6460049737282
"Species 27",-81.6644779055683,36.2409190894821
"Species 4",-82.2566133965034,36.0958308371699
"Species 40",-78.4913660099085,35.9607521093405
"Species 29",-80.5920681645176,36.1471946516159
"Species 7",-80.5003752988464,35.6231702518847
"Species 17",-76.8592418282645,36.3958108544909
"Species 46",-78.5935779758307,35.2981355248206
"Species 5",-79.7385382643578,35.4903595637067
"Species 18",-78.7649786587982,35.1905952773917
"Species 21",-79.7462224803472,36.193539906217
"Species 6",-80.5986917166732,36.1892961092569
"Species 26",-80.7084302713969,36.2522468606909
"Species 16",-78.4164668644035,35.6643189337187
"Species 46",-78.1623451893086,34.8850797878367
"Species 1",-81.4564705254785,35.3237171560001
"Species 27",-77.6685703270426,35.4012427109561
"Species 16",-79.8304332674088,35.1884326214724
"Species 54",-79.0822370542393,35.5168866056518
"Species 13",-79.6368265364254,36.5160475980712
"Species 12",-78.6459005920359,35.7159730423096
"Species 18",-77.0557300863093,36.1097716242072
"Species 17",-81.7777290431921,35.557233658733
"Species 27",-81.111497865263,35.683608640874
"Species 39",-79.5855026124892,35.4443765023843
"Species 15",-82.4263317469897,35.5122800723864
"Species 6",-82.2963815290983,36.0786995321968
"Species 40",-81.3455105396588,35.9103494592284
"Species 25",-79.6546735089419,35.1046707983438
"Species 2",-80.6851181162104,35.7273436909066
"Species 15",-83.9582596240919,35.4159007427263
"Species 12",-80.0038296007507,36.3751118621307
"Species 17",-76.8996133361483,36.4673742035017
"Species 2",-81.2915297598415,35.519695252374
"Species 44",-78.9279085960028,35.4292547472668
"Species 19",-81.1094820098214,36.1098375109706
"Species 35",-80.9372125647072,36.3652472648815
"Species 27",-77.3596838857962,35.3353946694302
"Species 5",-80.5170203207014,34.9330671201594
"Species 6",-79.9060061353634,35.2584011779155
"Species 6",-79.0617560197671,35.4335246232594
"Species 14",-79.3376213922276,36.494759162376
"Species 28",-76.1506171059564,35.7689600106528
"Species 20",-80.3300391010654,36.1372429342358
"Species 27",-76.7236336816435,36.5485688340169
"Species 14",-78.0530257405696,35.2541873050896
"Species 28",-76.8496621449286,35.3882203369041
"Species 11",-78.4275765091993,35.7971028017133
"Species 33",-78.4953624243747,35.889069526081
"Species 30",-83.3519645368808,35.3768265356967
"Species 26",-79.6834573746846,35.9785582315329
"Species 19",-78.3376118755962,36.3802343972404
"Species 10",-78.3010724536882,35.2099941179843
"Species 30",-78.4951673681619,35.0923366909112
"Species 5",-82.7074864476373,35.5826361535155
"Species 1",-82.6614663878927,35.3914602830652
"Species 45",-79.0974637968169,35.5617116895461
"Species 4",-78.0783576737099,36.4650854913339
"Species 15",-76.0755745430805,35.6155148209116
"Species 6",-79.3301359547088,35.16842766582
"Species 1",-81.0829876463631,35.811652784957
"Species 25",-80.5821142982848,36.257924140097
"Species 37",-81.7223485355159,35.4893032017754
"Species 9",-77.7252022461954,35.8366385057731
"Species 11",-79.8884466561581,36.331316812761
"Species 7",-79.2419491296,35.0380847876146
"Species 15",-83.7677214352327,35.2597171495175
"Species 9",-79.3553253189794,35.1149282247924
"Species 24",-82.9892760296051,35.3313368844114
"Species 6",-80.4696610037858,36.3871510503805
"Species 3",-78.124884965903,35.2340652836207
"Species 7",-77.237494835327,35.8280990344521
"Species 5",-79.4403899296094,35.6649089026513
"Species 31",-82.8941689617705,35.751202197592
"Species 18",-78.5822216628186,34.8650519805922
"Species 51",-76.6539161913638,36.1634117186635
"Species 58",-77.2598270953363,36.2599695755144
"Species 41",-81.6574184735269,35.7728132787563
"Species 30",-77.9928028316254,35.4615432834791
"Species 28",-78.829017197747,36.3031523671172
"Species 33",-76.8403507779478,35.1264030437226
"Species 5",-77.9525458239393,34.1849462971852
"Species 21",-83.2251744930646,35.2393333679556
"Species 15",-78.8878875893641,36.507458392173
"Species 5",-77.66591035999,34.709752814363
"Species 26",-81.5697884201322,35.274290525942
"Species 7",-75.8863284297632,35.814058449237
"Species 18",-76.8008791047013,35.6190631620681
"Species 5",-79.3188823743575,35.0311127805428
"Species 7",-80.3944418308271,36.0981609410767
"Species 15",-80.0093340353817,35.382258518476
"Species 4",-77.8657781658345,36.2352678340756
"Species 8",-80.8381697843161,35.3761933749748
"Species 2",-76.4067100705602,35.4301277984996
"Species 11",-78.2039925355979,34.3650321719447
"Species 2",-83.2080828787361,35.4564221464751
"Species 36",-77.7625001539787,35.8683368078441
"Species 23",-75.8411927251838,35.8788635065835
"Species 38",-75.8812825203008,35.6678534523664
"Species 23",-77.8732934103176,34.1700402005233
"Species 26",-79.4131594324022,35.8768118112248
"Species 12",-76.9128521907967,35.9366105774135
"Species 18",-76.4611309438674,34.9497685429649
"Species 13",-81.5059890739171,36.2638523531017
"Species 44",-77.8964272914504,34.5743884918581
"Species 17",-77.0727938549296,35.1630763518731
"Species 9",-83.9947242560777,34.9905754533618
"Species 24",-77.1109724348455,35.0027250018746
"Species 35",-82.0559612802015,35.2207165269125
"Species 41",-77.9318575053384,34.4302013879453
"Species 3",-81.850024670725,35.9325969812008
"Species 8",-76.7969650031228,35.2002535350157
"Species 16",-83.0033874161409,35.2977829759284
"Species 5",-77.3100675470622,34.5798418552866
"Species 15",-77.4513650293492,34.5927346853713
"Species 12",-76.2600764438699,35.8318014273714
"Species 25",-80.0607310770113,34.999213946054
"Species 19",-77.1551474562999,35.7129415370349
"Species 1",-77.970221324864,35.5869044305629
"Species 6",-82.8312477215393,35.5235855517757
"Species 25",-80.1362876768623,35.6076643719622
"Species 26",-82.1699512890748,35.4229016260594
"Species 37",-79.4156261868228,35.066178933822
"Species 10",-80.6338478625644,35.1212262363956
"Species 11",-80.8310868997802,36.3272640448653
"Species 11",-78.2624714481036,36.0261925419597
"Species 25",-77.8017802641128,36.5146688401884
"Species 14",-79.2628686575899,34.6340721306448
"Species 12",-83.7636046574453,35.4421012239544
"Species 19",-82.7572465443815,35.5244541089817
"Species 11",-76.1770431289286,35.7559340901997
"Species 22",-76.8021096835087,35.6462517575148
"Species 1",-76.4500444831837,35.4275909475593
"Species 5",-78.6159173810058,35.6051871937307
"Species 9",-83.0494937773489,35.5876283547646
"Species 2",-78.7358272928808,35.6550812392021
"Species 1",-78.985386844661,34.8311688364689
"Species 52",-79.8796494066672,35.3491242965926
"Species 15",-83.545402542031,35.2904506159542
"Species 7",-75.8613506024503,36.2140299810296
"Species 36",-81.1765546842682,36.4801732359734
"Species 4",-79.8608404545323,34.984540054118
"Species 19",-78.4479383116853,34.4656713523997
"Species 13",-79.3178317521551,35.4232164669161
"Species 6",-82.5546298481313,35.7240661761409
"Species 36",-77.943635335648,35.5395192979877
"Species 6",-84.1111033453707,35.0864761944621
"Species 4",-80.6413370326634,34.9327637613993
"Species 12",-80.0763543690636,35.6304361614204
"Species 19",-84.000615619706,35.2282016602315
"Species 15",-78.1575626641582,36.0003395841836
"Species 20",-80.0074605010722,35.1650529840198
"Species 15",-83.5910001141723,35.0545735805786
"Species 14",-75.8318639236682,35.8428368724002
"Species 18",-78.2000561603432,35.6171811934252
"Species 12",-76.1504835361557,35.9534224445519
"Species 15",-78.9028469528606,34.7936612048141
"Species 4",-77.6209141853655,35.2498144756068
"Species 44",-78.7903239780278,36.1239535774029
"Species 18",-78.5729665632441,35.1964615072959
"Species 7",-76.1193753589288,35.8243033906663
"Species 11",-79.1562519250938,35.6461953560789
"Species 37",-77.6239265550495,35.7805116302268
"Species 35",-80.2481872860451,35.4870369565108
"Species 5",-79.7387177564548,36.4923810662208
"Species 5",-82.1427360896655,35.2021082463387
"Species 13",-81.522114928564,36.076287833154
"Species 26",-79.48837553135,35.0223035037144
"Species 12",-78.4991426464804,36.035848903938
"Species 42",-77.3444559912387,35.5829304734923
"Species 4",-81.4221449798185,36.0764564312268
"Species 17",-82.130987515104,35.837149861687
"Species 19",-77.7097251730137,36.2496349062167
"Species 39",-78.5431321454913,34.8505410456253
"Species 4",-80.3100990305828,36.3380122396674
"Species 17",-82.1598927660856,36.0689873367001
"Species 20",-78.8058651450601,34.4017834343688
"Species 1",-78.8694558094933,34.3073526757462
"Species 19",-81.9856441843737,35.901208712138
"Species 22",-81.9675201193971,36.0168471543478
"Species 9",-80.0827482705126,35.6239445666236
"Species 39",-77.9411448644796,35.4839496191721
"Species 42",-78.8579419952267,35.8042945408343
"Species 30",-78.5733081397416,36.0599553184818
"Species 18",-76.8252833058842,36.2661577130167
"Species 6",-76.990985728438,35.9604255152503
"Species 29",-82.0569796634819,35.4327968719696
"Species 12",-78.1725694611504,35.5110062189053
"Species 4",-79.6168513346843,35.2856109217154
"Species 20",-78.9541696979787,36.1319801169811
"Species 28",-82.5535520718217,35.2702595556408
"Species 38",-79.0256282448772,36.0912866551623
"Species 9",-81.1989307566751,35.339627042368
"Species 1",-76.857913997991,34.8515764162156
"Species 55",-77.2018207010456,36.4023546832655
"Species 7",-81.8597875973184,35.5595239551146
"Species 48",-81.0140644895919,36.5611055992729
"Species 15",-78.6771741299932,36.0670416219154
"Species 3",-80.2409375151279,35.1806282165962
"Species 32",-76.0564022816656,35.5410543520865
"Species 9",-76.9011721920721,34.7968483366439
"Species 26",-81.0369777046357,36.441501510528
"Species 17",-79.1500506479,34.8605152227425
"Species 5",-80.5789396666551,35.1608813257311
"Species 8",-79.0040160487033,35.9058971869364
"Species 24",-77.6105287333655,36.0811186474971
"Species 47",-79.6920698139777,35.2978391587375
"Species 43",-79.1274269658738,35.3359750014143
"Species 10",-76.7615620279858,34.735616970072
"Species 6",-77.9820729045978,36.5515533773597
"Species 26",-79.3055901363815,34.8102786782786
"Species 11",-80.4836505096075,36.0141171859649
"Species 4",-80.3268105163116,36.3709787016618
"Species 30",-83.1689375874133,35.7214628962191
"Species 1",-80.68769475878,36.1238061634204
"Species 27",-76.3634632063461,36.3787422187133
"Species 4",-81.4127391442908,36.3960212959479
"Species 13",-81.1517418894335,36.0848259535329
"Species 36",-80.1650440478585,36.1091910764092
"Species 17",-78.7823469981094,35.5800047304037
"Species 30",-78.1059441327122,34.4078469876001
"Species 24",-83.3588404676048,35.2844258699514
"Species 53",-83.2535652012735,35.2787389585453
"Species 2",-79.1858372860267,35.6455009372147
"Species 24",-80.8527081239257,36.001959689307
"Species 30",-78.4327155287806,35.5293189292385
"Species 2",-78.1465462471568,34.2676069124822
"Species 18",-84.1392385184211,34.998657758385
"Species 29",-80.8024832796697,36.5586017175254
"Species 2",-78.2783089877761,33.9958894691904
"Species 21",-79.1074618284734,35.4040926022725
"Species 14",-78.5107155626845,36.4387930755894
"Species 6",-82.4570552950503,35.8642494175994
"Species 9",-79.1828422559115,34.9203207580252
"Species 2",-77.9604902098451,34.7102349755492
"Species 15",-82.1308107646366,35.8437085399
"Species 21",-83.4220627296856,35.1197207189649
"Species 24",-79.1823998440104,34.6083370862613
"Species 57",-83.1852341642454,35.6388292046422
"Species 1",-83.2232991812376,35.392065310263
"Species 32",-79.2906199777184,34.6158404586006
"Species 9",-78.8808780041957,35.8900678042122
"Species 15",-78.3393142417926,35.4280628421996
"Species 26",-82.4703934346778,35.6144106852135
"Species 4",-82.3027556197959,35.196716072602
"Species 25",-82.2441952821289,35.900723053933
"Species 22",-82.6759096230956,35.783000495303
"Species 8",-83.311043941278,35.3438903421559
"Species 10",-80.3510259125276,35.3136548480241
"Species 22",-81.1155353401747,36.4353034110984
"Species 20",-77.6359602921241,34.4023155658196
"Species 27",-77.9830758496958,36.4937805512863
"Species 19",-78.6409727894179,34.9969833746934
"Species 16",-82.5457263068158,35.3481971190275
"Species 17",-80.9845540981909,35.6001747435744
"Species 13",-80.2256567079443,35.4916758871593
"Species 22",-79.9255531639229,34.9801575975328
"Species 28",-77.7619086184835,35.10040992903
"Species 37",-81.016020361563,35.6801658884485
"Species 15",-80.2963326579039,34.8227144838063
"Species 19",-80.683117314958,35.3334595167427
"Species 7",-78.6538255078295,34.7081007345009
"Species 41",-79.4799524028215,35.6066136676084
"Species 7",-80.4805713209593,35.3890987869592
"Species 16",-80.3839927887098,36.300781227862
"Species 6",-77.5742410541662,34.6871784356718
"Species 28",-78.8297563745396,35.8800364101003
"Species 43",-82.8670872599051,35.0650978443948
"Species 15",-77.4616843044383,36.269191944652
"Species 17",-77.0297328372824,35.9066570607529
"Species 12",-77.8244317712023,35.767995001084
"Species 10",-82.755740989206,35.8225451094687
"Species 29",-78.5026355486912,33.9895409811555
"Species 40",-82.2307383275403,35.2938996894954
"Species 4",-78.8123728365256,36.0409166958142
"Species 27",-80.8065234879531,35.2256767634238
"Species 41",-80.1527473476258,36.4797899676014
"Species 19",-80.8797254119461,35.2408692489062
"Species 2",-78.4941406794778,34.1778525361628
"Species 14",-77.6309735196953,35.7728690990907
"Species 13",-81.3864917050444,36.0354204601091
"Species 2",-76.9999610847598,35.0171550004995
"Species 5",-78.0368551259288,35.4733640392261
"Species 24",-78.1789771946164,34.2566640798484
"Species 16",-81.6539404190572,35.7061350382637
"Species 9",-80.5246371087049,35.7272686497212
"Species 25",-78.6168262931622,33.9190096493875
"Species 14",-78.3113874119493,35.8128072436194
"Species 6",-75.8799548531212,35.7493941043988
"Species 30",-77.0421559291185,36.4221318455373
"Species 9",-79.0206721753971,35.2550044906667
"Species 24",-78.2649526642075,35.7447184639881
"Species 5",-80.3473573684752,35.6311551762309
"Species 22",-77.3664438298969,35.3025340317284
"Species 3",-80.0355423692453,35.6852955712571
"Species 4",-79.7748916353153,35.7296216632279
"Species 20",-77.6461487596868,36.5448264912932
"Species 33",-79.9834795286409,35.0634512767526
"Species 21",-83.0690708957066,35.185080332441
"Species 25",-80.0865509066792,35.8383066880906
"Species 30",-81.6876603185003,36.4071326788785
"Species 3",-79.8317691161231,35.4510621451744
"Species 33",-80.6793926810447,34.9968181157801
"Species 12",-79.7021565026694,34.9735453401999
"Species 13",-81.8904486494361,35.2712124426964
"Species 34",-80.098032211577,35.0709565700961
"Species 15",-80.3025162012133,36.3495322606714
"Species 8",-79.3736253086314,35.298902431068
"Species 32",-80.5533192389307,36.2785443664013
"Species 15",-83.0738277098212,35.3958290864409
"Species 16",-78.4378194088454,35.4763391804341
"Species 3",-79.0254683591481,35.2291165764524
"Species 17",-82.5010271117887,35.6711704392319
"Species 1",-77.7164004692995,35.5216714494774
"Species 4",-77.1061885409448,35.7352745623083
"Species 28",-76.4598826146597,35.7165796853113
"Species 26",-78.8799126512166,35.8245725090829
"Species 2",-84.0576494374016,35.057902439046
"Species 19",-80.6087418867756,35.169003657645
"Species 36",-83.6911719793981,35.2256423648324
"Species 10",-79.4157663092835,35.6494412738023
"Species 10",-77.6587217142009,35.0990667998748
"Species 48",-78.8990802964539,35.1133197647061
"Species 5",-81.4137219338692,35.6112114155521
"Species 1",-77.3735857234687,36.2297199708901
"Species 48",-78.7138879901508,35.5782916079429
"Species 14",-78.4877912840917,33.9680111336109
"Species 21",-83.9147869614912,35.1224432678168
"Species 34",-79.8695302292515,35.8098601956304
"Species 12",-77.2591380234768,36.1784439581208
"Species 25",-81.8294540336857,35.9581004516256
"Species 1",-77.6173202578189,35.0200823171828
"Species 5",-80.5700204001943,36.4542832635144
"Species 43",-79.53995715402,35.700074338685
"Species 8",-76.8975042797506,35.6662024907353
"Species 30",-77.4025839875387,35.4308697065414
"Species 14",-79.6424893208123,35.4853632303703
"Species 15",-80.9040753709778,35.321826952017
"Species 3",-79.2153390829969,36.440710607858
"Species 17",-78.6652350906227,35.5295235103605
"Species 6",-80.8268116380456,35.3447580823404
"Species 30",-76.8897657101281,34.9140798817763
"Species 1",-78.1430889262612,34.4047224544148
"Species 42",-76.5604716865485,36.4756167072875
"Species 24",-81.6090050784691,36.2820353106648
"Species 4",-84.0175984256086,35.1322190834725
"Species 21",-76.4707228406678,35.8698118679856
"Species 15",-81.1092840509495,36.1535470458922
"Species 4",-77.5132886859374,36.5386987377233
"Species 11",-75.9316245299983,35.7721588640603
"Species 22",-78.8015491387454,36.0070529944893
"Species 6",-76.1796013687221,35.7175789529238
"Species 30",-79.1102400592709,34.9048300251866
"Species 5",-77.8603419189181,35.9385996813577
"Species 11",-80.450913998442,35.9799896288335
"Species 18",-81.6874926785837,36.3030342139413
"Species 17",-79.0981787964825,34.703489637357
"Species 20",-79.2145826471504,36.0389781860902
"Species 23",-82.8501042289742,35.7820012729305
"Species 3",-82.1026936413361,35.7464956064871
"Species 13",-78.570436604764,35.567255481316
"Species 36",-80.6611462419431,35.6669586802765
"Species 19",-76.5403748105413,35.7400650690021
"Species 7",-77.8066492352401,34.8633092931133
"Species 1",-82.0556608198905,35.8063692194054
"Species 24",-81.7623721144967,36.0113808782806
"Species 39",-80.258827453605,36.2370643165631
"Species 36",-80.8197456161835,36.108878707013
"Species 10",-80.0215474462277,36.5035712150335
"Species 7",-83.8849006076115,35.3824283762539
"Species 5",-82.3685358181917,35.7488143283641
"Species 8",-78.7593665057868,36.3757658022709
"Species 38",-83.4764183076148,35.4392975689487
"Species 38",-81.1566646258171,35.8261379013395
"Species 13",-82.1130936396632,36.0424024935017
"Species 24",-79.2078053242559,36.170616307934
"Species 12",-77.1254105687179,34.9952779725319
"Species 5",-77.2372540632659,34.7866233962771
"Species 18",-80.2541517074966,36.1736520878404
"Species 23",-78.2828752255998,36.2090580929457
"Species 8",-80.8034689698426,35.7765689789408
"Species 11",-77.1830518885981,36.4381146382789
"Species 12",-80.3617643431489,36.3695754910822
"Species 2",-78.675390860949,36.0048531346924
"Species 8",-77.0611227334695,36.2911530648407
"Species 16",-77.3372912356138,35.3160711770471
"Species 16",-83.1749831986754,35.0316965463059
"Species 9",-76.551387814957,35.2508382036114
"Species 46",-76.7654719675722,35.9821007215022
"Species 19",-80.6214895623731,36.4237775596307
"Species 33",-83.757306797677,35.249207943941
"Species 15",-79.0620797632852,36.3419220441327
"Species 36",-78.7808114130058,36.3281516983407
"Species 18",-82.5155901797415,35.2981532769934
"Species 15",-78.069218841528,35.5459152553764
"Species 53",-76.8352774336087,35.0557655268376
"Species 42",-83.9060249175802,35.0213930497278
"Species 14",-79.9577818996815,35.0762535463439
"Species 6",-78.0269822616388,35.1102826404506
"Species 21",-80.1112559790046,36.0254037072566
"Species 5",-77.2384829430062,35.3550509808384
"Species 1",-80.7490101018429,35.5770165066863
"Species 2",-80.5923826075526,35.1128602400957
"Species 1",-81.1316145726665,36.1187943929284
"Species 20",-80.2115405111697,35.9481781383296
"Species 53",-80.0888486854645,35.2699690410478
"Species 6",-80.9939813795383,35.8547218917083
"Species 38",-80.9096282403774,36.4830170512305
"Species 29",-79.3279406030412,34.6003149123675
"Species 14",-76.1879441146518,36.3922486578137
"Species 19",-75.6316923915053,35.239702284264
"Species 28",-78.474449936262,34.5398627604497
"Species 12",-79.9881270202741,35.9602063282462
"Species 9",-79.5610991132295,34.9743716300838
"Species 11",-80.3187044361921,35.4095800994989
"Species 8",-76.6859739675218,36.4255671544
"Species 21",-79.1850914492212,36.3828010707081
"Species 1",-78.0624084766289,34.6441151039247
"Species 5",-79.7769386912453,35.075599584862
"Species 2",-82.8799482279794,35.8424464292692
"Species 52",-78.6453770295494,34.4736389107933
"Species 24",-79.3702641759946,35.8652687048503
"Species 14",-78.238442206062,34.7070557246042
"Species 11",-83.6677522317646,35.0721391454577
"Species 12",-80.8972014262837,35.444426169698
"Species 23",-77.823912298451,35.5847254475791
"Species 34",-82.7314288906757,35.1042433474742
"Species 4",-78.35882490247,33.9981597527573
"Species 45",-77.4034741748603,35.7337175140863
"Species 9",-76.9882776734495,35.3760209615423
"Species 27",-80.4471131480508,35.1075388864869
"Species 11",-78.5181174197248,34.7092203349683
"Species 24",-80.0663438080771,35.9307455445663
"Species 3",-80.3538211670284,34.8889169616096
"Species 23",-83.3422185534759,35.27803141887
"Species 4",-78.660324466544,36.3375854250565
"Species 12",-78.1069391935605,35.7613002605654
"Species 1",-77.2689591498298,35.3477786902422
"Species 23",-79.1503706774182,35.3437920762424
"Species 33",-79.1795078211319,36.4347456939889
"Species 30",-78.0847496531279,34.7018642151783
"Species 11",-78.1315989856429,35.1309065373457
"Species 48",-79.0918239488044,35.7267967172646
"Species 37",-79.9451419631092,35.4474379793686
"Species 6",-83.1463836806869,35.2698599549541
"Species 18",-78.4056437178396,36.0586354654296
"Species 23",-77.923626965969,34.3670373351734
"Species 13",-76.4481141137358,36.2934388303315
"Species 18",-78.7331283112825,34.7126422935157
"Species 11",-78.348056138442,35.9567352430065
"Species 8",-82.9678083718149,35.5655119530112
"Species 32",-78.0265751585416,36.4789020286278
"Species 28",-78.5402396704916,36.4092045052157
"Species 7",-81.4485011820722,35.9673262604259
"Species 17",-80.0423231480795,36.2056327163784
"Species 4",-75.9406085344274,35.734923918899
"Species 21",-77.8734533930773,35.1316359760521
"Species 9",-78.3825482071348,34.3242892658475
"Species 26",-78.4379789559998,34.9462207017239
"Species 18",-76.9947414018104,36.2770891995939
"Species 1",-77.8242947351394,34.4188831722847
"Species 3",-80.3619779445869,36.5292841360815
"Species 12",-78.5353959809881,34.7857090993807
"Species 18",-76.9271036399234,34.852751400812
"Species 5",-76.7992890462246,35.791389787731
"Species 25",-81.8245600823486,36.2645218086551
"Species 26",-78.7596767744429,34.5246491302324
"Species 29",-80.4031220263585,36.2505400140566
"Species 7",-82.3521526013213,35.7544949359596
"Species 25",-77.6572428527536,35.1253683266155
"Species 27",-79.6730937339173,35.519596394043
"Species 34",-81.8280414626958,35.805202665755
"Species 2",-78.749507607705,36.2416469538189
"Species 10",-80.7834867385466,35.9048189461535
"Species 39",-79.1774154705076,36.099189774194
"Species 30",-77.515492925192,34.7707401305948
"Species 6",-78.4561226232154,34.3698283854006
"Species 8",-80.0307118304802,35.8808819448742
"Species 42",-77.0083884702464,34.9692383078344
"Species 23",-80.6239688626395,36.2287348670836
"Species 43",-78.9189013826879,36.2360760147219
"Species 16",-78.4486477558348,34.3153443718329
"Species 20",-80.8709033618552,35.0397304471083
"Species 3",-76.5319873376493,35.7285075581855
"Species 9",-79.9702908222795,36.2437795111557
"Species 10",-78.3682092777266,36.4223496085942
"Species 34",-78.294250969499,34.9028509008985
"Species 28",-79.0715364531521,35.4758120410674
"Species 10",-81.8245947594216,35.3742314397331
"Species 36",-81.4953979790502,36.0993214790495
"Species 8",-83.1513688407567,35.028671219881
"Species 9",-78.1692264009728,34.9658697169827
"Species 27",-78.2362050445426,36.2233967790032
"Species 18",-78.1534324177023,34.9348751184792
"Species 9",-78.4722776345152,34.128067019553
"Species 48",-78.9989689191331,34.8243221804595
"Species 8",-80.8464507135168,36.0503787998579
"Species 20",-77.6055509022003,35.0146083792173
"Species 21",-81.3367834721703,35.1819644518485
"Species 10",-79.4195828476593,35.1445411591251
"Species 55",-79.6269165982011,35.4941556361439
"Species 32",-78.4958289886289,34.6844937916029
"Species 19",-76.6407151105085,35.2138796730005
"Species 23",-77.5016754091465,35.7502938974928
"Species 31",-78.1517675073691,35.1007152954693
"Species 17",-76.9417992185986,35.5090047558124
"Species 22",-76.7981582045173,35.1376666574182
"Species 12",-76.9705816061736,36.4988833097063
"Species 51",-82.7097028466799,35.8792981243547
"Species 33",-80.2084724500695,35.1218641161877
"Species 43",-80.9881316791837,35.3851699524014
"Species 38",-78.3020674876983,34.738244332242
"Species 21",-79.892162146489,36.2432431997737
"Species 6",-79.5050494167019,35.8390552660709
"Species 6",-82.0063780866961,35.620276611007
"Species 2",-82.0018710560984,35.6563448850033
"Species 12",-76.2319373999193,35.8228118984761
"Species 3",-78.6454674744244,35.1833249240751
"Species 33",-77.4691927010408,35.631384332806
"Species 5",-76.5013684463451,36.0217130933516
"Species 14",-82.8625857641787,35.1268056270248
"Species 25",-76.9094526588293,34.9069450805519
"Species 17",-77.3603883999672,35.0670317769629
"Species 4",-77.8051369168277,35.00407342856
"Species 7",-80.1739703376808,35.4312470885282
"Species 29",-76.1430022296616,35.4785914121589
"Species 6",-83.6467884392559,35.3332292155107
"Species 4",-76.9538721188616,35.8851419603747
"Species 40",-80.8168288216078,36.3926269809749
"Species 30",-80.4205787501936,35.025857677957
"Species 17",-82.5088825846638,35.5565860558937
"Species 15",-76.2896361557015,35.8349183679654
"Species 8",-83.9562697171012,35.3743790050443
"Species 34",-77.5998852729597,36.4148025310567
"Species 37",-78.3778781713784,35.2467813393763
"Species 27",-83.9619360441361,35.2591557590923
"Species 56",-83.5739933933318,35.377446103914
"Species 20",-79.7818632216622,35.1760479646007
"Species 20",-78.6992970207489,35.5758860233775
"Species 6",-77.1897561722497,34.6946115784222
"Species 2",-79.0790240583751,36.4317973552642
"Species 11",-82.8407531702982,35.9238321526722
"Species 2",-80.7288947198356,35.3215508632338
"Species 10",-79.0395314347842,36.2792370352288
"Species 5",-79.4327074498478,35.6058932667986
"Species 15",-80.9887997821185,35.5262793391228
"Species 4",-80.0427448594382,35.1803165003206
"Species 6",-78.3971521456009,34.9856542863134
"Species 5",-82.6553253130043,35.6322501132163
"Species 18",-76.7210814185199,36.4214684822992
"Species 11",-78.6753163063776,33.972815210889
"Species 30",-76.3012786758537,36.5040409224785
"Species 3",-80.8522861297332,35.7079269216894
"Species 11",-80.605352879528,36.0322131261585
"Species 16",-77.7650957340246,35.9149502529134
"Species 5",-78.2099282958716,34.8796776213702
"Species 25",-77.0556041571495,35.1402884043481
"Species 7",-78.7009973926575,35.5746423817249
"Species 15",-80.5616852556805,35.9921343738346
"Species 16",-81.2592419448547,35.3379095112233
"Species 13",-80.1032261752328,36.4460707063317
"Species 14",-80.3881328971873,35.8915500618104
"Species 11",-80.4722070528241,35.8181150707095
"Species 16",-78.8960269447746,36.4359978981022
"Species 4",-77.1931079755007,35.6724052401975
"Species 2",-77.1621864396655,35.8683041954636
"Species 23",-77.2890007700261,34.661701325239
"Species 3",-78.6534564118117,34.8185536537007
"Species 12",-80.9729783185528,35.540993372065
"Species 46",-78.3702185350896,34.3535762993926
"Species 28",-78.1852981373371,35.6013410613364
"Species 24",-77.0102957732576,35.1935923982706
"Species 18",-79.3275828926314,35.6127250274547
"Species 12",-81.5861224486986,35.8678060922435
"Species 12",-80.9405327256711,36.256914278986
"Species 9",-79.0213371857406,36.3165286394218
"Species 1",-80.5345567148897,36.0885013572104
"Species 6",-80.6731644892232,36.0169899515849
"Species 6",-79.4514936947656,35.4927217290897
"Species 33",-76.5265083807677,35.5582630413213
"Species 14",-79.7015474397378,35.1508093976519
"Species 38",-80.3733633089635,36.2734057965577
"Species 14",-78.0908307940933,33.9666336291729
"Species 18",-77.9074982189855,34.7214161805287
"Species 16",-84.2069259042172,35.098403917586
"Species 33",-79.9191501333427,36.2867407819133
"Species 6",-76.7441165060199,35.2050853645576
"Species 18",-76.6463541224065,35.7430451351526
"Species 5",-78.5097434898226,36.4317619876492
"Species 27",-78.4803264253109,35.6138191440056
"Species 36",-82.9634977723738,35.1201499474541
"Species 1",-82.848032349735,35.4413991480148
"Species 13",-82.3815238839214,35.8303229913475
"Species 8",-81.6470590360411,35.3158699130239
"Species 6",-81.260088338359,35.7461956091288
"Species 2",-79.1469170705224,35.4503474228915
"Species 4",-80.5025789394017,35.0553837664475
"Species 36",-79.6878441307337,36.3508021278881
"Species 23",-78.8917450250916,34.8888037778118
"Species 16",-78.8163430940284,35.4432756456313
"Species 43",-77.1449973550361,36.5235009161766
"Species 3",-77.0763604776618,35.6355111741486
"Species 10",-77.976724237058,35.3611560277288
"Species 8",-78.0820385984497,35.2521540839551
"Species 5",-81.9415675085598,35.9126450512637
"Species 20",-82.4811236982156,35.2726680660532
"Species 1",-78.5427714477787,35.2994631047451
"Species 1",-76.8067547307974,35.5005860707376
"Species 40",-81.0138356192589,36.5173195934574
"Species 19",-84.2779294273054,35.1985317794841
"Species 6",-77.6651893753965,35.2788791192862
"Species 2",-78.0843542370528,35.8167919219415
"Species 41",-77.7232417229506,36.4439311332615
"Species 6",-82.7181045768717,35.1177713693746
"Species 33",-83.6965101820881,35.5249450446722
"Species 22",-80.2797205479912,35.6046282898657
"Species 12",-80.9603844487904,35.9650159364723
"Species 47",-79.7112788664932,35.6873533090391
"Species 11",-75.8165504192482,35.704314955787
"Species 26",-80.1918630838509,36.1886270969978
"Species 8",-78.0452702649191,35.8661300011695
"Species 49",-78.1916318798348,35.777133931783
"Species 16",-79.4139488503835,35.5746377226826
"Species 20",-78.2543190369206,34.1251396086715
"Species 14",-77.9180012988705,35.3991392994954
"Species 16",-77.6400259492543,36.3044725723828
"Species 18",-78.40599818908,36.2452369559189
"Species 17",-82.0761532213903,35.9699602674246
"Species 44",-80.8412295131745,36.3257079474299
"Species 2",-77.3153862982202,36.1676761814819
"Species 16",-76.3051317307543,35.5907951306303
"Species 1",-77.6287061094129,36.2911149191293
"Species 39",-78.9173282963024,35.1036237275297
"Species 7",-80.9833581159417,36.3157489447567
"Species 26",-81.2050997846246,36.284849792744
"Species 23",-79.9578506613216,35.6011017052454
"Species 8",-76.9566063762321,36.3231375748212
"Species 19",-79.7286468197466,35.1391718392682
"Species 21",-82.0820499175708,35.9920046274165
"Species 33",-78.2154963495227,35.1105243017644
"Species 11",-76.931840077619,35.8936944583681
"Species 6",-79.1461879477481,34.7814662996293
"Species 37",-81.1295928210696,36.175885961219
"Species 7",-77.5114370516332,35.4102038778179
"Species 8",-83.0814180683499,35.44904777379
"Species 45",-80.8916574713093,35.8497302211034
"Species 30",-79.3894361814139,36.2498356888144
"Species 3",-80.4851182992478,35.96493642449
"Species 30",-80.7998990232973,36.3744503606515
"Species 5",-79.8905812377882,35.0738040955298
"Species 7",-81.3623153089228,36.5576446411594
"Species 22",-83.710103611201,35.3725150945303
"Species 7",-79.3811265600682,36.326538097673
"Species 9",-80.1991223864729,36.4968067731746
"Species 37",-77.511295426231,35.6573449933439
"Species 29",-78.5618462946336,35.4515839041352
"Species 34",-78.8140403212655,35.8799608210109
"Species 18",-76.8256912554182,35.2378807051487
"Species 21",-80.0173552509161,36.443803475243
"Species 25",-81.808443619022,35.2508445986066
"Species 1",-80.7891991736809,36.4536543660564
"Species 9",-80.2198106101077,35.4449454208372
"Species 46",-78.9223406476402,36.2284465899085
"Species 16",-78.0270300460962,34.1255476652743
"Species 14",-82.8613341958016,35.661243023027
"Species 19",-80.530083102032,36.1330896757336
"Species 11",-82.2197702338255,35.9307985334276
"Species 24",-80.2769441793548,35.3700444074689
"Species 2",-76.0668721234204,35.9425578630857
"Species 7",-79.4622173395801,35.0505874695702
"Species 14",-82.5260587394541,35.3977906071933
"Species 29",-75.9174065873844,35.7885575941558
"Species 10",-78.4336153076769,35.6890480379589
"Species 2",-79.933675051767,34.8231206078414
"Species 2",-81.2579222796001,35.4087639560759
"Species 10",-80.0984162895272,36.1037966855352
"Species 7",-80.4662555715341,36.4833334908818
"Species 11",-78.9545740284791,35.8741219599257
"Species 38",-78.5044025310516,34.587320145437
"Species 16",-77.4496948029796,34.5649655065982
"Species 4",-80.0119335833585,35.5290875477856
"Species 3",-76.8255258616561,36.1742840838652
"Species 9",-82.5626769687625,35.785050528152
"Species 10",-79.5494501601572,34.8682051993096
"Species 41",-78.4031323995507,34.6652804259139
"Species 33",-78.5235621722994,36.0164984668463
"Species 5",-78.3842480691168,35.6675111109623
"Species 21",-79.1925296658858,35.4733808285611
"Species 12",-80.6530209353199,35.9627359548967
"Species 41",-77.9145305567895,35.8854681471184
"Species 2",-82.6950311829427,35.8375061064936
"Species 32",-78.9735764781443,35.2978437576307
"Species 13",-77.071312472752,35.4426913445114
"Species 19",-77.6148496614008,35.0235513030674
"Species 26",-78.1493766019489,34.5716622760049
"Species 13",-77.5379532263242,35.9826104459023
"Species 3",-77.7270390472098,34.8584894850871
"Species 20",-83.130027863597,35.2150067354251
"Species 14",-78.262343373949,36.5002279882193
"Species 10",-80.5274978030972,34.9953242854539
"Species 35",-77.3802761462005,35.8942867744558
"Species 9",-77.2414896787238,34.7742749692622
"Species 53",-78.0441405813852,35.0827215000146
"Species 7",-79.7303004559538,35.1089648034077
"Species 15",-78.606323174052,34.814846213501
"Species 11",-79.0705054476401,35.0663253789798
"Species 8",-79.3161309239964,36.4746842182888
"Species 15",-77.7105331300267,36.5040825427089
"Species 36",-80.4863611369383,35.1517775825632
"Species 39",-78.2283791164428,35.4528132190953
"Species 12",-77.9130325782561,35.9069788051054
"Species 2",-78.7372765476184,34.9246064526687
"Species 5",-81.0862718069222,35.9807091802502
"Species 32",-80.366534939733,35.3306126330265
"Species 30",-78.0331551522307,35.804595245037
"Species 7",-78.5937825059429,35.770828709897
"Species 35",-77.6030207414011,34.6988695719192
"Species 2",-83.0857791381371,35.3722469798029
"Species 34",-81.5939991341072,35.8983314836562
"Species 1",-79.4573121099881,36.0939898078674
"Species 32",-76.7645844351721,35.1064868213201
"Species 1",-83.7989577526776,35.4146334163639
"Species 19",-81.6484836326279,35.8717657776173
"Species 9",-83.3119529938191,35.3522684673038
"Species 40",-83.6376065853724,35.438367252812
"Species 10",-77.4045590034341,36.1426592057127
"Species 35",-82.8306722518285,35.2653033461387
"Species 5",-79.9350153721453,36.235557808189
"Species 10",-78.2301130278959,36.2791827416523
"Species 1",-77.6653691172956,34.9637911323293
"Species 14",-80.0976997559528,36.0778265852244
"Species 36",-81.1619977478215,35.6847749714449
